City_ID,City,Lat,Lng,Max Temp,Humidity,Cloudiness,Wind Speed,Country,Date
0,Puerto Colombia,10.9878,-74.9547,89.6,51,20,4.61,CO,2021-03-04 16:57:18
1,Torbay,47.6666,-52.7314,35.01,64,75,24.16,CA,2021-03-04 16:58:10
2,Qaanaaq,77.484,-69.3632,-23.58,72,70,9.89,GL,2021-03-04 16:58:11
3,Port Alfred,-33.5906,26.891,69.01,93,91,7.2,ZA,2021-03-04 16:54:12
4,Bay Roberts,47.5999,-53.2648,36.0,69,86,7.0,CA,2021-03-04 16:58:11
5,Castro,-24.7911,-50.0119,72.21,80,97,11.59,BR,2021-03-04 16:58:11
6,Sherlovaya Gora,50.5667,116.25,-17.52,76,39,4.12,RU,2021-03-04 16:58:12
7,Mount Gambier,-37.8333,140.7667,57.2,88,90,9.22,AU,2021-03-04 16:53:14
8,Atuona,-9.8,-139.0333,80.08,71,75,12.88,PF,2021-03-04 16:58:12
9,Rikitea,-23.1203,-134.9692,79.52,75,38,2.17,PF,2021-03-04 16:58:12
10,Avarua,-21.2078,-159.775,80.6,83,40,9.22,CK,2021-03-04 16:58:12
11,Clinton,42.587,-82.9199,28.99,80,75,19.57,US,2021-03-04 16:54:44
12,Bluff,-46.6,168.3333,55.72,57,87,17.36,NZ,2021-03-04 16:58:12
13,New Norfolk,-42.7826,147.0587,53.01,63,96,1.99,AU,2021-03-04 16:58:12
14,Bambous Virieux,-20.3428,57.7575,78.8,78,40,4.61,MU,2021-03-04 16:55:09
15,Isangel,-19.55,169.2667,80.6,89,90,17.27,VU,2021-03-04 16:58:12
16,Bredasdorp,-34.5322,20.0403,68.0,64,92,6.91,ZA,2021-03-04 16:58:12
17,Ushuaia,-54.8,-68.3,57.2,51,40,4.61,AR,2021-03-04 16:58:13
18,Inhambane,-23.865,35.3833,82.4,69,40,5.75,MZ,2021-03-04 16:58:13
19,Punta Arenas,-53.15,-70.9167,60.8,33,0,20.71,CL,2021-03-04 16:58:13
20,Kaitangata,-46.2817,169.8464,54.0,58,61,7.16,NZ,2021-03-04 16:58:13
21,Vila Franca Do Campo,37.7167,-25.4333,62.6,59,20,17.27,PT,2021-03-04 16:58:13
22,Gannan,47.9147,123.5031,5.86,70,52,14.38,CN,2021-03-04 16:58:13
23,Tasiilaq,65.6145,-37.6368,35.6,87,75,2.3,GL,2021-03-04 16:58:13
24,Tiksi,71.6872,128.8694,-22.2,87,93,5.44,RU,2021-03-04 16:58:14
25,Norman Wells,65.282,-126.8329,-29.2,75,20,5.37,CA,2021-03-04 16:58:14
26,Linhares,-19.3911,-40.0722,87.82,52,55,5.39,BR,2021-03-04 16:58:14
27,Nikolskoye,59.7035,30.7861,28.4,54,75,13.42,RU,2021-03-04 16:58:14
28,Pangody,65.85,74.4859,13.87,94,100,12.77,RU,2021-03-04 16:58:14
29,Portland,45.5234,-122.6762,46.0,75,40,10.36,US,2021-03-04 16:55:33
30,Hobart,-42.8794,147.3294,53.01,58,75,12.66,AU,2021-03-04 16:54:52
31,Matagami,49.7502,-77.6328,-2.2,71,90,20.71,CA,2021-03-04 16:58:14
32,Pisco,-13.7,-76.2167,78.8,69,0,8.05,PE,2021-03-04 16:58:14
33,Cascais,38.6979,-9.4215,55.0,93,75,3.44,PT,2021-03-04 16:58:15
34,Richards Bay,-28.783,32.0377,72.88,75,0,5.28,ZA,2021-03-04 16:58:15
35,Hermanus,-34.4187,19.2345,68.0,73,74,1.01,ZA,2021-03-04 16:58:15
36,Oktyabrskiy,54.4815,53.471,31.28,97,100,20.11,RU,2021-03-04 16:58:15
37,Bahia Blanca,-38.7196,-62.2724,75.34,69,54,15.9,AR,2021-03-04 16:58:15
38,Keuruu,62.2667,24.7,24.8,68,75,17.27,FI,2021-03-04 16:58:15
39,General Roca,-39.0333,-67.5833,69.8,73,90,9.22,AR,2021-03-04 16:58:15
40,Vaini,-21.2,-175.2,73.4,94,40,2.3,TO,2021-03-04 16:58:16
41,Busselton,-33.65,115.3333,66.0,98,8,6.4,AU,2021-03-04 16:58:16
42,Severo-Kurilsk,50.6789,156.125,29.17,97,80,24.92,RU,2021-03-04 16:58:16
43,Pangai,-19.8,-174.35,80.2,80,100,7.76,TO,2021-03-04 16:58:16
44,Nouadhibou,20.931,-17.0347,73.4,60,100,20.71,MR,2021-03-04 16:58:16
45,San Patricio,28.017,-97.5169,72.0,68,75,10.36,US,2021-03-04 16:58:16
46,Flin Flon,54.7682,-101.865,10.4,92,40,4.27,CA,2021-03-04 16:58:17
47,Gubden,42.5681,47.5658,39.2,75,48,13.42,RU,2021-03-04 16:58:17
48,Husavik,66.0449,-17.3389,44.6,61,20,16.11,IS,2021-03-04 16:58:17
49,Natal,-5.795,-35.2094,87.8,62,75,20.71,BR,2021-03-04 16:54:46
50,Bethel,41.3712,-73.414,37.99,56,36,3.0,US,2021-03-04 16:58:05
51,Aklavik,68.2191,-135.0107,-29.2,75,20,4.61,CA,2021-03-04 16:58:18
52,Tuktoyaktuk,69.4541,-133.0374,-25.6,75,20,5.75,CA,2021-03-04 16:58:18
53,Kapaa,22.0752,-159.319,68.0,73,40,16.11,US,2021-03-04 16:57:43
54,Mangrol,21.1167,70.1167,77.7,63,0,10.09,IN,2021-03-04 16:58:18
55,Elizabeth City,36.2946,-76.2511,61.0,36,1,13.8,US,2021-03-04 16:58:18
56,Hilo,19.7297,-155.09,64.4,82,75,3.31,US,2021-03-04 16:56:32
57,Mehamn,71.0357,27.8492,24.8,86,75,17.27,NO,2021-03-04 16:58:18
58,Petatlan,17.5167,-101.2667,84.2,65,1,5.59,MX,2021-03-04 16:58:18
59,Adrar,20.5022,-10.0711,87.67,11,100,10.02,MR,2021-03-04 16:58:19
60,Thompson,55.7435,-97.8558,5.0,85,20,2.3,CA,2021-03-04 16:58:19
61,Krasnoselkup,65.7,82.4667,10.08,95,99,12.21,RU,2021-03-04 16:58:19
62,Kimbe,-5.5502,150.1429,78.03,90,100,7.47,PG,2021-03-04 16:58:19
63,Mujiayingzi,42.1167,118.7833,34.63,81,61,8.52,CN,2021-03-04 16:58:19
64,Lida,53.8833,25.2997,31.55,96,100,8.21,BY,2021-03-04 16:58:19
65,Guaruja,-23.9931,-46.2564,91.0,66,40,5.75,BR,2021-03-04 16:58:19
66,Nuevo Casas Grandes,30.4167,-107.9167,68.0,18,37,15.01,MX,2021-03-04 16:58:19
67,Monrovia,6.3005,-10.7969,87.8,70,40,9.22,LR,2021-03-04 16:55:31
68,Jamestown,42.097,-79.2353,26.01,91,90,13.96,US,2021-03-04 16:57:12
69,Victoria,22.2855,114.1577,66.99,87,44,10.65,HK,2021-03-04 16:57:40
70,Arraial Do Cabo,-22.9661,-42.0278,91.4,58,40,13.8,BR,2021-03-04 16:58:20
71,Arcachon,44.5875,-1.0519,64.0,63,0,8.05,FR,2021-03-04 16:58:20
72,Lerwick,60.1545,-1.1494,37.4,60,75,9.22,GB,2021-03-04 16:58:20
73,Sagarejo,41.734,45.3315,39.2,45,0,8.05,GE,2021-03-04 16:58:20
74,Puerto Ayora,-0.7393,-90.3518,82.0,83,75,5.75,EC,2021-03-04 16:58:21
75,Cape Town,-33.9258,18.4232,71.01,52,20,21.85,ZA,2021-03-04 16:57:02
76,Espanola,35.9911,-106.0806,48.0,45,90,3.44,US,2021-03-04 16:55:33
77,Iisalmi,63.5592,27.1907,24.8,63,75,16.11,FI,2021-03-04 16:55:14
78,Haines Junction,60.7522,-137.5108,15.8,67,100,4.61,CA,2021-03-04 16:58:21
79,Albany,42.6001,-73.9662,34.0,37,32,10.0,US,2021-03-04 16:58:21
80,Bilibino,68.0546,166.4372,-8.88,86,100,5.12,RU,2021-03-04 16:58:22
81,Ponta Do Sol,32.6667,-17.1,66.99,56,98,5.99,PT,2021-03-04 16:58:22
82,Cidreira,-30.1811,-50.2056,81.1,70,100,6.13,BR,2021-03-04 16:58:22
83,Los Llanos De Aridane,28.6585,-17.9182,71.6,64,20,9.22,ES,2021-03-04 16:58:22
84,Llandrindod Wells,52.2416,-3.3787,42.01,83,100,1.01,GB,2021-03-04 16:58:22
85,Atambua,-9.1061,124.8925,73.99,89,85,2.19,ID,2021-03-04 16:58:22
86,Mataura,-46.1927,168.8643,50.72,56,90,7.38,NZ,2021-03-04 16:58:23
87,Conde,-7.2597,-34.9075,78.8,94,75,13.8,BR,2021-03-04 16:58:23
88,Grindavik,63.8424,-22.4338,41.0,93,75,11.5,IS,2021-03-04 16:58:23
89,Dikson,73.5069,80.5464,-29.76,88,3,13.09,RU,2021-03-04 16:58:23
90,Harper,4.375,-7.7169,83.08,77,97,11.48,LR,2021-03-04 16:58:23
91,Necochea,-38.5473,-58.7368,72.0,84,64,7.0,AR,2021-03-04 16:58:23
92,Hithadhoo,-0.6,73.0833,84.47,64,65,8.93,MV,2021-03-04 16:54:57
93,Verkhoyansk,67.5447,133.385,-18.69,85,100,2.95,RU,2021-03-04 16:58:24
94,Chengde,40.9725,117.9361,39.11,82,51,1.16,CN,2021-03-04 16:58:24
95,Lumphat,13.4878,106.9816,77.63,64,0,6.4,KH,2021-03-04 16:58:24
96,Cherskiy,68.75,161.3,-13.79,98,99,4.7,RU,2021-03-04 16:58:24
97,Muzaffarnagar,29.4667,77.6833,68.32,19,0,5.12,IN,2021-03-04 16:58:24
98,Praia Da Vitoria,38.7333,-27.0667,62.6,67,20,13.94,PT,2021-03-04 16:58:24
99,Lompoc,34.6391,-120.4579,54.0,81,1,6.91,US,2021-03-04 16:58:24
100,Upernavik,72.7868,-56.1549,-10.98,82,69,17.94,GL,2021-03-04 16:58:24
101,Dingle,10.9995,122.6711,75.36,88,3,7.81,PH,2021-03-04 16:58:25
102,Banda Aceh,5.5577,95.3222,80.15,81,35,7.29,ID,2021-03-04 16:58:25
103,Khani,41.9563,42.9566,39.2,70,0,1.14,GE,2021-03-04 16:58:25
104,Tandil,-37.3217,-59.1332,91.0,31,21,1.99,AR,2021-03-04 16:58:25
105,Port Hardy,50.6996,-127.4199,46.4,76,75,17.27,CA,2021-03-04 16:58:25
106,Kodiak,57.79,-152.4072,28.4,64,1,11.5,US,2021-03-04 16:58:26
107,Waw,7.7029,27.9953,86.36,12,21,2.35,SS,2021-03-04 16:58:26
108,Yulara,-25.2406,130.9889,84.2,24,61,6.91,AU,2021-03-04 16:58:26
109,Shahrud,36.4182,54.9763,41.32,66,1,7.43,IR,2021-03-04 16:58:26
110,Pakenham,-38.0667,145.4833,55.99,88,71,5.7,AU,2021-03-04 16:58:26
111,Airai,-8.9266,125.4092,60.28,96,73,0.13,TL,2021-03-04 16:58:26
112,Chuy,-33.6971,-53.4616,77.32,77,87,11.05,UY,2021-03-04 16:58:27
113,Clyde River,70.4692,-68.5914,-22.0,83,20,6.91,CA,2021-03-04 16:58:27
114,Rafai,4.95,23.9167,85.86,18,34,1.81,CF,2021-03-04 16:58:27
115,Morros,-9.4467,-46.3003,85.66,56,94,6.98,BR,2021-03-04 16:58:27
116,Fort-Shevchenko,44.5086,50.263,33.15,89,0,8.46,KZ,2021-03-04 16:58:27
117,Guerrero Negro,27.9769,-114.0611,62.55,61,60,12.17,MX,2021-03-04 16:58:27
118,Lebu,-37.6167,-73.65,65.3,73,0,15.73,CL,2021-03-04 16:58:27
119,Novo Aripuana,-5.1206,-60.3797,86.76,55,89,6.17,BR,2021-03-04 16:58:28
120,Mar Del Plata,-38.0023,-57.5575,74.3,70,7,12.21,AR,2021-03-04 16:58:28
121,Puerto Narino,-3.7703,-70.3831,84.2,74,75,4.61,CO,2021-03-04 16:58:28
122,Barrow,71.2906,-156.7887,-25.6,62,40,8.05,US,2021-03-04 16:58:28
123,Eregli,37.5133,34.0467,39.52,53,0,1.68,TR,2021-03-04 16:58:29
124,Berlevag,70.8578,29.0864,26.6,63,75,16.11,NO,2021-03-04 16:58:29
125,Sao Filipe,14.8961,-24.4956,72.88,67,65,9.69,CV,2021-03-04 16:58:29
126,Bhatkal,13.9667,74.5667,77.38,68,45,4.79,IN,2021-03-04 16:58:24
127,Butaritari,3.0707,172.7902,81.23,80,100,18.25,KI,2021-03-04 16:58:29
128,Healdsburg,38.6105,-122.8692,51.01,76,75,3.74,US,2021-03-04 16:58:29
129,Tuatapere,-46.1333,167.6833,48.43,87,77,2.98,NZ,2021-03-04 16:58:29
130,Hofn,64.2539,-15.2082,39.2,70,0,2.3,IS,2021-03-04 16:58:30
131,Svetlaya,46.5389,138.3297,29.23,96,53,7.36,RU,2021-03-04 16:58:30
132,Port Lincoln,-34.7333,135.8667,59.09,87,0,12.24,AU,2021-03-04 16:58:30
133,Kruisfontein,-34.0033,24.7314,72.0,74,6,7.0,ZA,2021-03-04 16:58:30
134,Salinas,36.6777,-121.6555,52.0,87,20,13.8,US,2021-03-04 16:58:30
135,Lorengau,-2.0226,147.2712,81.64,81,96,9.1,PG,2021-03-04 16:58:30
136,Longyearbyen,78.2186,15.6401,1.4,71,20,16.11,SJ,2021-03-04 16:58:30
137,Jumla,29.2747,82.1838,38.64,66,38,2.98,NP,2021-03-04 16:58:31
138,Geraldton,-28.7667,114.6,69.8,88,40,5.75,AU,2021-03-04 16:58:31
139,Chum Phae,16.5443,102.0992,80.08,63,13,2.24,TH,2021-03-04 16:58:31
140,Wilmington,34.2257,-77.9447,66.99,32,1,11.5,US,2021-03-04 16:56:35
141,Buala,-8.145,159.5921,80.6,82,100,8.81,SB,2021-03-04 16:58:31
142,Coquimbo,-29.9533,-71.3436,64.4,77,75,8.05,CL,2021-03-04 16:58:08
143,Teknaf,20.8624,92.3058,71.8,87,9,4.0,BD,2021-03-04 16:57:01
144,Georgiyevka,43.0369,74.7114,41.0,87,0,4.47,KZ,2021-03-04 16:58:32
145,Les Cayes,18.2,-73.75,80.53,68,11,8.9,HT,2021-03-04 16:58:32
146,Erdenet,49.0333,104.0833,0.12,81,0,4.12,MN,2021-03-04 16:58:32
147,Coahuayana,18.7333,-103.6833,82.4,30,1,6.91,MX,2021-03-04 16:58:32
148,Erenhot,43.6475,111.9767,20.39,95,100,16.98,CN,2021-03-04 16:58:32
149,Nyurba,63.2842,118.3319,-27.78,82,2,6.73,RU,2021-03-04 16:58:33
150,Georgetown,5.4112,100.3354,84.0,89,20,4.61,MY,2021-03-04 16:54:55
151,Lalibela,12.0333,39.0333,64.85,42,20,12.39,ET,2021-03-04 16:58:33
152,Acarau,-2.8856,-40.12,84.33,68,66,17.29,BR,2021-03-04 16:58:33
153,Jinchang,38.4953,102.1739,34.47,73,24,0.16,CN,2021-03-04 16:58:34
154,Biak,-0.9131,122.8766,76.01,72,100,4.25,ID,2021-03-04 16:58:34
155,San Lawrenz,36.0553,14.204,59.0,67,20,11.5,MT,2021-03-04 16:58:34
156,Sitka,57.0531,-135.33,35.6,75,20,10.36,US,2021-03-04 16:58:34
157,Seminole,28.7086,-81.2081,71.01,65,32,3.0,US,2021-03-04 16:54:23
158,Ambilobe,-13.2,49.05,76.6,86,49,2.57,MG,2021-03-04 16:54:16
159,Saint-Philippe,-21.3585,55.7679,78.8,83,90,6.91,RE,2021-03-04 16:58:35
160,Bridlington,54.0831,-0.1919,39.0,75,92,8.01,GB,2021-03-04 16:58:35
161,Chancay,-11.5714,-77.2672,77.0,73,20,8.05,PE,2021-03-04 16:58:35
162,Lyubuchany,55.2511,37.5456,30.0,93,75,4.47,RU,2021-03-04 16:58:36
163,Ribeira Grande,38.5167,-28.7,62.6,67,20,10.36,PT,2021-03-04 16:58:36
164,Nantucket,41.2835,-70.0995,41.0,75,1,10.36,US,2021-03-04 16:58:36
165,Kenai,60.5544,-151.2583,-9.4,77,40,4.61,US,2021-03-04 16:58:36
166,Provideniya,64.3833,-173.3,5.0,92,100,36.1,RU,2021-03-04 16:58:36
167,Channel-Port Aux Basques,47.5702,-59.1367,22.33,95,100,28.54,CA,2021-03-04 16:58:36
168,Sisimiut,66.9395,-53.6735,28.76,74,97,11.97,GL,2021-03-04 16:58:36
169,Trinidad,-14.8333,-64.9,75.2,94,90,4.61,BO,2021-03-04 16:58:37
170,Itapuranga,-15.5622,-49.9486,80.55,69,100,3.13,BR,2021-03-04 16:58:37
171,Cayenne,4.9333,-52.3333,87.8,62,75,16.11,GF,2021-03-04 16:58:37
172,Nawabganj,24.5911,88.271,68.54,25,0,1.57,BD,2021-03-04 16:58:37
173,Chumikan,54.7183,135.315,-8.93,83,100,3.15,RU,2021-03-04 16:58:37
174,Krasnomayskiy,57.6194,34.4099,22.84,92,59,4.21,RU,2021-03-04 16:58:37
175,Kang,-23.6752,22.7876,78.3,37,89,0.51,BW,2021-03-04 16:58:37
176,Mayo,38.8876,-76.5119,52.0,43,1,12.66,US,2021-03-04 16:58:38
177,Khandyga,62.6667,135.6,-32.91,83,99,3.53,RU,2021-03-04 16:58:38
178,Bati,11.1833,40.0167,70.12,32,0,3.15,ET,2021-03-04 16:58:38
179,Aquin,18.2833,-73.4,78.57,71,27,6.24,HT,2021-03-04 16:58:38
180,Sembakung,3.8167,117.25,72.84,96,20,0.98,ID,2021-03-04 16:58:39
181,Mahebourg,-20.4081,57.7,78.8,78,40,4.61,MU,2021-03-04 16:58:39
182,Taloqan,36.7361,69.5345,56.07,52,72,3.78,AF,2021-03-04 16:58:39
183,Bloemfontein,-29.1211,26.214,84.2,23,20,10.36,ZA,2021-03-04 16:58:39
184,Lata,40.1629,-8.3327,62.01,72,40,8.05,PT,2021-03-04 16:58:40
185,Touros,-5.1989,-35.4608,87.8,62,40,19.57,BR,2021-03-04 16:58:40
186,Palmeira,-25.4294,-50.0064,71.1,92,98,11.41,BR,2021-03-04 16:58:40
187,Samarai,-10.6167,150.6667,81.09,77,100,11.3,PG,2021-03-04 16:58:40
188,Paamiut,61.994,-49.6678,42.06,64,83,6.55,GL,2021-03-04 16:58:41
189,Doha,25.2867,51.5333,75.99,53,0,5.75,QA,2021-03-04 16:54:27
190,Rochegda,62.8,43.25,8.15,96,98,4.0,RU,2021-03-04 16:58:41
191,Mosetse,-20.75,26.65,79.38,32,51,4.85,BW,2021-03-04 16:58:41
192,Bilma,18.6853,12.9164,77.72,15,0,6.2,NE,2021-03-04 16:58:42
193,Koumra,8.9126,17.5539,92.08,11,100,2.04,TD,2021-03-04 16:58:42
194,North Battleford,52.7834,-108.2847,19.4,93,90,9.22,CA,2021-03-04 16:58:42
195,Kitaibaraki,36.7833,140.75,48.0,70,100,8.41,JP,2021-03-04 16:58:43
196,Kalagarh,29.5,78.75,66.33,26,0,4.88,IN,2021-03-04 16:58:43
197,San Jose,37.3394,-121.895,53.01,76,20,11.5,US,2021-03-04 16:56:07
198,Uruacu,-14.5247,-49.1408,83.26,63,100,2.82,BR,2021-03-04 16:58:43
199,Porto Velho,-8.7619,-63.9039,82.4,74,40,5.75,BR,2021-03-04 16:58:43
200,Hamilton,39.1834,-84.5333,48.99,42,1,12.66,US,2021-03-04 16:58:43
201,Ilulissat,69.2167,-51.1,26.6,74,40,12.66,GL,2021-03-04 16:58:44
202,Zhigansk,66.7697,123.3711,-35.39,83,65,0.85,RU,2021-03-04 16:58:44
203,Oktyabrskoye,43.0645,44.7417,33.8,75,5,8.95,RU,2021-03-04 16:58:44
204,Emba,48.8264,58.1442,20.19,96,99,12.91,KZ,2021-03-04 16:58:44
205,Yar-Sale,66.8333,70.8333,10.65,96,100,7.9,RU,2021-03-04 16:58:44
206,Kangaatsiaq,68.3065,-53.4641,19.49,96,58,11.07,GL,2021-03-04 16:58:44
207,Peniche,39.3558,-9.3811,59.0,88,100,13.0,PT,2021-03-04 16:58:44
208,Linxia,35.6003,103.2064,37.6,59,75,5.06,CN,2021-03-04 16:58:45
209,Lagoa,39.05,-27.9833,57.36,66,100,9.8,PT,2021-03-04 16:58:45
210,Emilio Carranza,19.9711,-96.6114,72.75,70,6,6.24,MX,2021-03-04 16:58:45
211,Beloha,-25.1667,45.05,75.85,83,3,6.64,MG,2021-03-04 16:58:46
212,Pueblo Nuevo,23.3833,-105.3833,75.88,19,3,4.16,MX,2021-03-04 16:58:46
213,Solnechnyy,50.7214,136.6319,5.85,92,75,7.11,RU,2021-03-04 16:58:46
214,Umea,63.8284,20.2597,28.4,59,0,5.75,SE,2021-03-04 16:58:47
215,Porgera,-5.4667,143.2,43.12,99,100,2.19,PG,2021-03-04 16:58:47
216,Merke,42.8728,73.1786,40.42,69,72,8.32,KZ,2021-03-04 16:58:47
217,Rawson,-43.3002,-65.1023,63.81,63,66,13.89,AR,2021-03-04 16:58:47
218,Puerto Escondido,15.85,-97.0667,86.0,74,1,4.61,MX,2021-03-04 16:58:48
219,Kathu,7.9178,98.3332,84.2,61,20,9.22,TH,2021-03-04 16:56:24
220,Sterling,39.0062,-77.4286,51.01,43,40,20.71,US,2021-03-04 16:54:51
221,Luderitz,-26.6481,15.1594,74.37,54,0,22.91,NA,2021-03-04 16:58:48
222,Conceicao Do Castelo,-20.3683,-41.2439,80.01,64,57,5.66,BR,2021-03-04 16:58:48
223,Porto Novo,6.4965,2.6036,89.6,70,20,14.97,BJ,2021-03-04 16:58:48
224,Hobyo,5.3505,48.5268,78.82,76,94,16.6,SO,2021-03-04 16:58:49
225,Kungurtug,50.5994,97.5228,-0.35,85,0,2.71,RU,2021-03-04 16:58:49
226,Vanino,49.0869,140.2543,25.59,94,100,3.69,RU,2021-03-04 16:58:49
227,Camacha,33.0833,-16.3333,64.4,72,75,14.97,PT,2021-03-04 16:58:49
228,Chokurdakh,70.6333,147.9167,-11.76,95,100,21.0,RU,2021-03-04 16:58:49
229,Esperance,-33.8667,121.9,68.0,83,89,14.97,AU,2021-03-04 16:58:49
230,Margate,51.3813,1.3862,42.01,80,98,5.01,GB,2021-03-04 16:58:50
231,Aitape,-3.1374,142.3475,78.58,83,92,9.4,PG,2021-03-04 16:58:50
232,Bunia,1.5667,30.25,76.41,42,58,0.65,CD,2021-03-04 16:55:08
233,Tabou,4.423,-7.3528,82.76,80,95,11.56,CI,2021-03-04 16:58:50
234,Saint George,37.1041,-113.5841,52.0,66,1,4.61,US,2021-03-04 16:58:50
235,Exeter,50.7236,-3.5275,43.0,89,94,10.54,GB,2021-03-04 16:54:57
236,Posse,-14.0931,-46.3694,85.95,45,58,1.28,BR,2021-03-04 16:58:50
237,East London,-33.0153,27.9116,71.6,88,75,8.05,ZA,2021-03-04 16:58:51
238,Batticaloa,7.7102,81.6924,78.96,72,9,7.87,LK,2021-03-04 16:58:51
239,Narsaq,60.9167,-46.05,50.0,32,75,41.43,GL,2021-03-04 16:58:51
240,Nevel,56.0209,29.9284,28.09,82,78,6.93,RU,2021-03-04 16:58:51
241,Durban,-29.8579,31.0292,78.01,73,75,8.05,ZA,2021-03-04 16:58:51
242,Taltal,-25.4,-70.4833,72.95,62,16,7.94,CL,2021-03-04 16:58:51
243,Vila,42.0304,-8.1588,60.01,59,100,7.0,PT,2021-03-04 16:58:52
244,Lokoja,7.8024,6.743,102.43,14,37,8.46,NG,2021-03-04 16:58:52
245,Forbes,-33.3833,148.0167,62.01,63,0,1.99,AU,2021-03-04 16:58:52
246,College,64.8569,-147.8028,-5.8,77,75,3.22,US,2021-03-04 16:58:52
247,Port Macquarie,-31.4333,152.9167,60.01,99,0,8.25,AU,2021-03-04 16:58:52
248,Oistins,13.0667,-59.5333,84.2,61,40,21.85,BB,2021-03-04 16:58:53
249,San Jeronimo,-11.9472,-75.2829,59.38,53,99,3.0,PE,2021-03-04 16:58:53
250,Port Elizabeth,-33.918,25.5701,69.8,83,75,12.66,ZA,2021-03-04 16:55:38
251,Tirumullaivasal,11.2333,79.8333,76.37,74,34,7.74,IN,2021-03-04 16:58:53
252,Rio Verde De Mato Grosso,-18.9181,-54.8442,76.5,82,96,9.42,BR,2021-03-04 16:58:54
253,Tautira,-17.7333,-149.15,77.0,83,75,4.61,PF,2021-03-04 16:58:55
254,Rybinsk,58.0446,38.8426,15.17,96,45,4.68,RU,2021-03-04 16:58:23
255,Wamba,8.9333,8.6,97.66,9,8,4.27,NG,2021-03-04 16:58:55
256,Saskylakh,71.9167,114.0833,-34.19,81,61,5.61,RU,2021-03-04 16:58:55
257,Egvekinot,66.3167,-179.1667,-0.13,95,100,28.34,RU,2021-03-04 16:58:55
258,Ixtapa,20.7,-105.2,73.4,73,1,3.56,MX,2021-03-04 16:58:55
259,Hurghada,27.2574,33.8129,64.4,39,0,18.41,EG,2021-03-04 16:58:56
260,Beringovskiy,63.05,179.3167,-0.17,86,34,6.64,RU,2021-03-04 16:58:56
261,Kurilsk,45.2333,147.8833,32.11,96,73,15.88,RU,2021-03-04 16:58:56
262,Tual,-5.6667,132.75,82.71,78,76,15.28,ID,2021-03-04 16:58:56
263,Yellowknife,62.456,-114.3525,-11.99,70,75,13.8,CA,2021-03-04 16:55:00
264,Parana,-31.732,-60.5238,91.2,39,90,10.38,AR,2021-03-04 16:55:54
265,Oxford,51.7522,-1.256,41.0,87,75,8.05,GB,2021-03-04 16:58:57
266,Yumen,40.2833,97.2,37.87,62,100,7.38,CN,2021-03-04 16:58:57
267,Pimenta Bueno,-11.6725,-61.1936,79.7,81,99,5.7,BR,2021-03-04 16:58:57
268,Gagnoa,6.1293,-5.9437,86.56,65,94,4.63,CI,2021-03-04 16:58:57
269,Cap Malheureux,-19.9842,57.6142,78.01,72,19,1.99,MU,2021-03-04 16:58:58
270,Mogadishu,2.0371,45.3438,79.65,81,73,25.34,SO,2021-03-04 16:56:00
271,La Ronge,55.1001,-105.2842,17.6,93,78,2.3,CA,2021-03-04 16:58:58
272,San Borja,-14.8167,-66.85,82.94,81,100,4.63,BO,2021-03-04 16:58:58
273,Teguise,29.0605,-13.564,69.8,52,20,13.8,ES,2021-03-04 16:58:58
274,Dabra,25.9,78.3333,73.63,14,0,4.16,IN,2021-03-04 16:58:58
275,Joshimath,30.5667,79.5667,45.54,47,54,5.28,IN,2021-03-04 16:58:58
276,Salalah,17.0151,54.0924,78.8,83,0,2.3,OM,2021-03-04 16:58:58
277,Uyuni,-20.4597,-66.825,63.93,36,5,12.95,BO,2021-03-04 16:58:59
278,Hasaki,35.7333,140.8333,48.0,93,75,2.3,JP,2021-03-04 16:58:59
279,Alappuzha,9.49,76.3264,79.41,71,0,4.56,IN,2021-03-04 16:58:59
280,Nishihara,26.1842,127.7558,68.0,77,90,5.75,JP,2021-03-04 16:58:59
281,Aljezur,37.3191,-8.8033,57.09,87,100,9.26,PT,2021-03-04 16:59:00
282,Staroderevyankovskaya,46.1276,38.9674,39.38,77,3,13.04,RU,2021-03-04 16:59:00
283,Katsuura,35.1333,140.3,51.8,82,75,2.3,JP,2021-03-04 16:59:00
284,Camana,-16.6228,-72.7111,77.09,65,11,8.63,PE,2021-03-04 16:59:01
285,Jutai,-5.1833,-68.9,85.21,76,48,0.94,BR,2021-03-04 16:59:01
286,Talcahuano,-36.7167,-73.1167,69.8,64,0,9.22,CL,2021-03-04 16:59:01
287,Bengkulu,-3.8004,102.2655,79.0,84,100,6.87,ID,2021-03-04 16:59:01
288,Bubaque,11.2833,-15.8333,79.05,67,28,14.58,GW,2021-03-04 16:59:01
289,Karratha,-20.7377,116.8463,79.77,66,0,13.85,AU,2021-03-04 16:59:02
290,Okha,53.5739,142.9478,-4.43,90,100,10.45,RU,2021-03-04 16:59:02
291,Labuan,5.2767,115.2417,78.8,83,20,1.14,MY,2021-03-04 16:59:02
292,Cockburn Town,21.4612,-71.1419,80.6,74,40,11.5,TC,2021-03-04 16:59:02
293,Korla,41.7597,86.1469,41.31,65,40,4.18,CN,2021-03-04 16:59:02
294,Isla Vista,34.4133,-119.861,59.0,78,0,1.99,US,2021-03-04 16:56:38
295,Varkkallai,8.7341,76.7067,84.2,58,20,1.63,IN,2021-03-04 16:59:04
296,Seydi,39.4816,62.9137,48.49,50,83,8.95,TM,2021-03-04 16:59:04
297,Houma,29.5958,-90.7195,64.99,48,1,3.44,US,2021-03-04 16:59:04
298,Saldanha,-33.0117,17.9442,73.4,46,0,17.27,ZA,2021-03-04 16:59:04
299,Ovalle,-30.5983,-71.2003,83.93,40,39,8.01,CL,2021-03-04 16:59:05
300,Matay,28.419,30.7792,59.2,43,0,8.41,EG,2021-03-04 16:59:05
301,Arona,28.0996,-16.681,69.01,60,20,13.8,ES,2021-03-04 16:56:13
302,Saint-Augustin,51.226,-58.6502,25.5,98,100,19.17,CA,2021-03-04 16:59:05
303,Vila Velha,-20.3297,-40.2925,89.6,62,40,11.5,BR,2021-03-04 16:59:05
304,Nome,64.5011,-165.4064,-0.4,71,90,26.46,US,2021-03-04 16:59:05
305,Atar,20.5169,-13.0499,91.53,9,98,13.24,MR,2021-03-04 16:59:05
306,Bara,10.3744,10.7288,95.54,10,25,8.57,NG,2021-03-04 16:59:05
307,Santo Antonio,-6.3106,-35.4789,87.8,62,75,20.71,BR,2021-03-04 16:59:06
308,Oranjemund,-28.55,16.4333,65.73,79,4,18.07,NA,2021-03-04 16:59:06
309,Moa,20.6569,-74.9403,80.28,62,13,9.64,CU,2021-03-04 16:59:06
310,Zhezkazgan,47.8043,67.7144,22.89,96,62,14.97,KZ,2021-03-04 16:59:06
311,Wabag,-5.4781,143.7021,53.94,91,98,2.44,PG,2021-03-04 16:59:07
312,Bardstown,37.8092,-85.4669,52.0,35,1,4.61,US,2021-03-04 16:59:07
313,Marsabit,2.3284,37.9899,74.07,54,85,10.8,KE,2021-03-04 16:59:07
314,Zuwarah,32.9312,12.082,64.47,58,82,23.58,LY,2021-03-04 16:59:07
315,Lujan,-34.5703,-59.105,84.99,67,96,1.99,AR,2021-03-04 16:59:07
316,Xuddur,4.1213,43.8894,82.98,36,29,11.92,SO,2021-03-04 16:59:08
317,Homer,59.6425,-151.5483,14.0,85,1,3.44,US,2021-03-04 16:59:08
318,Balikpapan,-1.2675,116.8289,74.93,90,79,6.17,ID,2021-03-04 16:59:08
319,Klaksvik,62.2266,-6.589,33.8,75,40,9.22,FO,2021-03-04 16:59:08
320,Savalou,7.9281,1.9756,101.95,17,1,2.8,BJ,2021-03-04 16:59:08
321,Rovnoye,50.7765,46.0509,32.99,90,72,16.71,RU,2021-03-04 16:59:08
322,Padang,-0.9492,100.3543,78.8,89,20,2.3,ID,2021-03-04 16:59:08
323,Faanui,-16.4833,-151.75,82.94,74,45,12.12,PF,2021-03-04 16:59:09
324,Ljutomer,46.5208,16.1975,57.2,35,0,8.05,SI,2021-03-04 16:59:09
325,Nouakchott,18.0858,-15.9785,84.2,28,0,12.66,MR,2021-03-04 16:55:58
326,Lodja,-3.4833,23.4333,80.37,58,27,1.48,CD,2021-03-04 16:59:09
327,Sept-Iles,50.2001,-66.3821,19.0,57,90,11.5,CA,2021-03-04 16:59:09
328,Bandarbeyla,9.4942,50.8122,77.29,80,99,14.99,SO,2021-03-04 16:59:09
329,Kavaratti,10.5669,72.642,83.79,56,0,4.47,IN,2021-03-04 16:59:09
330,Leningradskiy,69.3833,178.4167,-0.31,91,100,32.97,RU,2021-03-04 16:59:09
331,Luis Correia,-2.8792,-41.6669,89.6,66,40,19.57,BR,2021-03-04 16:59:09
332,Sandwick,60.0,-1.25,37.4,60,75,9.22,GB,2021-03-04 16:59:10
333,Hearst,49.6835,-83.6665,1.4,60,46,5.75,CA,2021-03-04 16:59:10
334,Bamboo,18.3922,-77.2643,84.99,69,20,2.3,JM,2021-03-04 16:59:10
335,Buenavista,8.9769,125.4089,72.37,87,0,4.92,PH,2021-03-04 16:59:10
336,Labrea,-7.2586,-64.7981,84.83,76,87,2.39,BR,2021-03-04 16:59:10
337,Houston,29.7633,-95.3633,66.99,48,1,12.66,US,2021-03-04 16:58:24
338,Lavrentiya,65.5833,-171.0,-1.66,91,100,26.28,RU,2021-03-04 16:59:11
339,Nikolayevsk-Na-Amure,53.1406,140.73,-2.76,90,100,5.37,RU,2021-03-04 16:59:11
340,Bolotnoye,55.6717,84.3981,21.69,95,100,17.47,RU,2021-03-04 16:59:11
341,Toora-Khem,52.4675,96.11,1.45,92,0,1.9,RU,2021-03-04 16:59:11
342,Montepuez,-13.1256,38.9997,70.88,92,100,5.93,MZ,2021-03-04 16:59:11
343,Khatanga,71.9667,102.5,-29.11,79,0,10.56,RU,2021-03-04 16:59:11
344,Mmathubudukwane,-24.6,26.4333,86.0,28,40,4.61,BW,2021-03-04 16:59:12
345,Dondo,-19.6094,34.7431,82.4,78,40,12.66,MZ,2021-03-04 16:59:12
346,Chalakudi,10.304,76.3361,78.8,78,20,2.3,IN,2021-03-04 16:59:12
347,Luang Prabang,19.8856,102.1347,73.51,66,12,1.9,LA,2021-03-04 16:59:12
348,Cabo San Lucas,22.8909,-109.9124,78.01,31,40,3.78,MX,2021-03-04 16:54:44
349,Brownsville,25.9018,-97.4975,75.2,60,1,11.5,US,2021-03-04 16:54:18
350,Hvolsvollur,63.7533,-20.2243,41.0,81,75,6.91,IS,2021-03-04 16:59:13
351,Nelson Bay,-32.7167,152.15,64.0,94,5,6.91,AU,2021-03-04 16:59:13
352,Urumqi,43.801,87.6005,26.6,86,75,2.24,CN,2021-03-04 16:57:42
353,Batagay-Alyta,67.8006,130.4114,-18.53,85,100,3.31,RU,2021-03-04 16:59:13
354,Luganville,-15.5333,167.1667,77.67,87,100,10.49,VU,2021-03-04 16:59:13
355,Archidona,37.0965,-4.3887,59.0,76,100,3.0,ES,2021-03-04 16:59:13
356,Lipin Bor,60.2622,37.9763,12.07,96,57,5.97,RU,2021-03-04 16:59:14
357,Naousa,40.6329,22.0534,57.0,62,0,1.99,GR,2021-03-04 16:59:14
358,Sekoma,-24.4,23.8833,79.81,32,87,3.98,BW,2021-03-04 16:59:14
359,Marawi,7.9986,124.2928,73.99,91,2,5.01,PH,2021-03-04 16:59:14
360,Broome,42.2506,-75.833,30.0,58,90,18.41,US,2021-03-04 16:59:14
361,Mnogovershinnyy,53.9353,139.9242,-8.79,92,100,5.88,RU,2021-03-04 16:59:15
362,Dunedin,-45.8742,170.5036,54.0,72,40,5.01,NZ,2021-03-04 16:59:15
363,Burgeo,47.6167,-57.6152,24.58,86,100,25.75,CA,2021-03-04 16:59:15
364,Coihaique,-45.5752,-72.0662,66.2,55,20,9.22,CL,2021-03-04 16:59:15
365,San Pedro,14.35,121.0167,80.6,74,20,4.61,PH,2021-03-04 16:59:15
366,Manggar,-2.8833,108.2667,79.43,85,93,6.24,ID,2021-03-04 16:59:15
367,Plettenberg Bay,-34.0527,23.3716,67.5,87,41,9.6,ZA,2021-03-04 16:59:16
368,Bundaberg,-24.85,152.35,69.01,88,0,6.91,AU,2021-03-04 16:59:16
369,Abnub,27.2696,31.1511,66.2,42,0,11.5,EG,2021-03-04 16:59:16
370,Shelburne,44.0787,-80.2041,21.0,82,82,14.45,CA,2021-03-04 16:59:16
371,Shingu,33.7333,135.9833,54.97,84,89,10.33,JP,2021-03-04 16:59:16
372,Sain Alto,23.5833,-103.25,73.33,20,29,0.45,MX,2021-03-04 16:59:17
373,Ketou,7.3633,2.5998,100.31,22,54,5.03,BJ,2021-03-04 16:59:17
374,Altay,47.8667,88.1167,11.01,73,0,4.72,CN,2021-03-04 16:59:14
375,Sorkjosen,69.8,20.9333,26.6,74,90,16.11,NO,2021-03-04 16:59:17
376,Aleksandrov Gay,50.147,48.5704,31.55,91,23,18.25,RU,2021-03-04 16:59:17
377,Javier,8.4889,126.085,71.64,97,17,2.98,PH,2021-03-04 16:59:17
378,Cabedelo,-6.9811,-34.8339,78.8,94,75,13.8,BR,2021-03-04 16:59:17
379,Mandalgovi,45.7625,106.2708,13.98,38,51,11.79,MN,2021-03-04 16:59:17
380,Tripoli,32.8752,13.1875,63.95,52,66,23.51,LY,2021-03-04 16:59:18
381,Watsa,3.0372,29.5355,78.24,27,18,3.06,CD,2021-03-04 16:59:18
382,Mawlaik,23.6333,94.4167,68.41,34,0,1.86,MM,2021-03-04 16:59:18
383,Fairview,40.8126,-73.999,43.0,42,75,8.05,US,2021-03-04 16:55:34
384,Stornoway,58.2093,-6.3865,41.0,60,75,6.91,GB,2021-03-04 16:59:18
385,Kudahuvadhoo,2.6708,72.8944,82.4,74,32,12.19,MV,2021-03-04 16:59:18
386,Kieta,-6.2167,155.6333,80.37,80,99,10.16,PG,2021-03-04 16:59:19
387,Yuba City,39.1405,-121.6169,54.0,76,1,11.5,US,2021-03-04 16:59:19
388,Obernai,48.4631,7.481,53.6,62,0,10.36,FR,2021-03-04 16:59:19
389,Constantine,36.365,6.6147,57.2,62,40,9.22,DZ,2021-03-04 16:58:11
390,Campos Belos,-13.0367,-46.7717,86.16,54,59,2.13,BR,2021-03-04 16:59:19
391,Kavieng,-2.5744,150.7967,82.62,77,98,10.71,PG,2021-03-04 16:59:20
392,Gemena,3.25,19.7667,91.76,19,1,3.58,CD,2021-03-04 16:59:20
393,Alugan,12.2188,125.4808,79.11,84,14,12.1,PH,2021-03-04 16:59:20
394,Tolaga Bay,-38.3667,178.3,61.32,86,0,6.13,NZ,2021-03-04 16:59:20
395,Panama City,8.9936,-79.5197,89.01,58,20,16.11,PA,2021-03-04 16:59:17
396,Uzhur,55.3036,89.8339,18.46,83,100,8.77,RU,2021-03-04 16:59:21
397,Nanortalik,60.1432,-45.2371,38.21,87,76,14.63,GL,2021-03-04 16:59:21
398,Rocky Mountain House,52.3668,-114.9188,24.8,86,7,0.67,CA,2021-03-04 16:59:21
399,Hami,42.8,93.45,39.22,61,100,10.56,CN,2021-03-04 16:59:21
400,Bull Savanna,17.8868,-77.5902,78.31,68,10,6.82,JM,2021-03-04 16:59:21
401,Taoudenni,22.6783,-3.9836,85.62,8,0,12.75,ML,2021-03-04 16:59:21
402,Benguela,-12.5763,13.4055,80.49,72,55,7.78,AO,2021-03-04 16:59:21
403,Kourou,5.1552,-52.6478,87.8,62,75,16.11,GF,2021-03-04 16:59:22
404,General Teran,25.2667,-99.6833,73.89,51,51,9.69,MX,2021-03-04 16:59:22
405,Yagodnoye,62.55,149.6667,-21.64,96,100,2.37,RU,2021-03-04 16:59:22
406,Eyl,7.9803,49.8164,76.62,78,100,17.58,SO,2021-03-04 16:59:22
407,Labuhan,-6.8844,112.2051,75.25,91,100,2.42,ID,2021-03-04 16:59:22
408,Cunha,-23.0744,-44.9597,89.6,37,75,4.61,BR,2021-03-04 16:59:23
409,Fare,-16.7,-151.0167,82.62,77,52,12.86,PF,2021-03-04 16:59:23
410,Carlisle,40.2015,-77.1889,44.01,51,42,8.01,US,2021-03-04 16:59:23
411,Dudinka,69.4058,86.1778,-3.89,95,100,11.88,RU,2021-03-04 16:59:23
412,Aurangabad,19.8833,75.3333,78.44,17,0,6.08,IN,2021-03-04 16:59:23
413,Canala,-21.5333,165.95,73.4,94,0,2.3,NC,2021-03-04 16:59:23
414,Chegdomyn,51.1167,133.0167,11.64,93,100,5.66,RU,2021-03-04 16:59:24
415,Birao,10.2849,22.7882,86.47,13,1,6.11,CF,2021-03-04 16:59:24
416,Makakilo City,21.3469,-158.0858,68.0,68,1,8.05,US,2021-03-04 16:59:24
417,Yaan,7.3833,8.5667,100.35,8,18,4.81,NG,2021-03-04 16:59:24
418,Alta Floresta,-9.8756,-56.0861,80.35,76,80,3.83,BR,2021-03-04 16:59:24
419,Andra,62.5147,65.8878,11.01,97,91,4.81,RU,2021-03-04 16:59:25
420,Belaya Gora,68.5333,146.4167,-15.36,87,100,24.27,RU,2021-03-04 16:59:25
421,Port-Gentil,-0.7193,8.7815,84.2,84,75,10.36,GA,2021-03-04 16:59:25
422,Palera,25.0167,79.2333,73.2,17,0,5.44,IN,2021-03-04 16:59:26
423,Huaquechula,18.7667,-98.55,66.2,27,40,4.61,MX,2021-03-04 16:59:27
424,Callaway,30.153,-85.5699,66.99,38,0,3.0,US,2021-03-04 16:59:27
425,Zacualpan,21.25,-105.1667,64.4,68,75,5.86,MX,2021-03-04 16:59:28
426,Ketchikan,55.3422,-131.6461,33.8,100,90,3.44,US,2021-03-04 16:59:28
427,Namibe,-15.1961,12.1522,76.69,78,5,11.25,AO,2021-03-04 16:59:28
428,Meulaboh,4.1363,96.1285,79.59,83,61,2.8,ID,2021-03-04 16:59:28
429,Nioro,13.35,-15.75,105.82,6,0,7.31,GM,2021-03-04 16:59:28
430,Ust-Kuyga,70.0167,135.6,-20.88,85,100,3.74,RU,2021-03-04 16:59:29
431,Riyadh,24.6877,46.7219,84.2,16,0,8.05,SA,2021-03-04 16:54:43
432,Ancud,-41.8697,-73.8203,70.0,56,0,6.91,CL,2021-03-04 16:59:29
433,Yerofey Pavlovich,53.9667,121.9667,-24.03,83,0,4.23,RU,2021-03-04 16:59:29
434,Rjukan,59.8789,8.5941,39.2,38,0,12.66,NO,2021-03-04 16:59:29
435,Topolobampo,25.6,-109.05,64.4,68,90,16.11,MX,2021-03-04 16:59:30
436,Tiznit,29.5833,-9.5,61.23,61,3,10.78,MA,2021-03-04 16:59:30
437,Gold Coast,-28.0,153.4333,64.99,94,1,1.14,AU,2021-03-04 16:55:12
438,Fortuna,40.5982,-124.1573,51.01,70,100,8.99,US,2021-03-04 16:59:30
439,Banjar,-8.19,114.9675,77.0,88,75,12.66,ID,2021-03-04 16:59:30
440,Syracuse,37.0881,15.2792,60.8,63,0,9.22,IT,2021-03-04 16:59:31
441,Carnarvon,-24.8667,113.6333,73.4,88,40,8.05,AU,2021-03-04 16:59:31
442,Soe,-9.8607,124.284,65.89,100,51,2.44,ID,2021-03-04 16:59:31
443,Port Blair,11.6667,92.75,81.27,84,9,8.75,IN,2021-03-04 16:59:31
444,Cienaga,11.007,-74.2476,88.0,70,20,5.75,CO,2021-03-04 16:59:32
445,Haverfordwest,51.8017,-4.9691,44.01,97,100,8.01,GB,2021-03-04 16:59:32
446,Jalu,29.0331,21.5482,59.18,37,0,7.87,LY,2021-03-04 16:59:32
447,Lac Du Bonnet,50.2536,-96.0612,31.5,85,51,4.05,CA,2021-03-04 16:59:32
448,Buraydah,26.326,43.975,80.6,47,0,13.8,SA,2021-03-04 16:59:32
449,Peace River,56.2501,-117.286,25.0,73,90,12.66,CA,2021-03-04 16:59:34
450,Amantea,39.1332,16.0746,55.4,67,0,6.91,IT,2021-03-04 16:59:34
451,Constitucion,-35.3333,-72.4167,75.22,43,1,15.3,CL,2021-03-04 16:59:34
452,Mkushi,-13.6202,29.3939,66.29,89,60,0.58,ZM,2021-03-04 16:59:34
453,Matara,5.9485,80.5353,74.86,78,0,8.57,LK,2021-03-04 16:59:35
454,Kupang,-10.1667,123.5833,79.11,83,56,2.48,ID,2021-03-04 16:59:35
455,Grand-Santi,4.25,-54.3833,81.91,84,61,4.16,GF,2021-03-04 16:59:36
456,San Rafael,-34.6177,-68.3301,92.34,22,0,8.03,AR,2021-03-04 16:57:47
457,Ulaangom,49.9811,92.0667,1.02,92,45,2.04,MN,2021-03-04 16:59:36
458,La Paz,-16.5,-68.15,57.2,54,75,8.05,BO,2021-03-04 16:59:36
459,Brownwood,31.7093,-98.9912,60.8,63,1,10.36,US,2021-03-04 16:59:37
460,Yantal,56.8471,105.2542,-16.91,83,56,5.01,RU,2021-03-04 16:59:37
461,Poum,-20.2333,164.0167,80.04,81,86,14.43,NC,2021-03-04 16:59:38
462,Saint-Leu,-21.15,55.2833,75.99,62,71,0.81,RE,2021-03-04 16:59:38
463,Tanete,-3.9443,119.7848,76.01,85,77,1.19,ID,2021-03-04 16:59:38
464,Karaidel,55.8337,56.9069,23.5,97,100,17.18,RU,2021-03-04 16:59:38
465,Paita,-5.0892,-81.1144,84.2,65,40,8.05,PE,2021-03-04 16:59:38
466,Tongzi,28.7829,105.0877,59.85,49,99,3.91,CN,2021-03-04 16:59:39
467,Asau,46.4333,26.4,50.0,27,17,5.95,RO,2021-03-04 16:59:39
468,Ossora,59.2353,163.0719,-11.31,74,0,14.03,RU,2021-03-04 16:59:39
469,Paragominas,-2.9667,-47.4833,83.82,79,38,4.23,BR,2021-03-04 16:59:39
470,Mercedes,-34.6515,-59.4307,84.99,51,100,4.0,AR,2021-03-04 16:59:39
471,Bom Jesus,-9.0744,-44.3586,88.0,56,100,5.01,BR,2021-03-04 16:59:39
472,Honiara,-9.4333,159.95,78.67,84,100,5.68,SB,2021-03-04 16:59:39
473,Olinda,-8.0089,-34.8553,82.4,65,40,19.57,BR,2021-03-04 16:56:15
474,Bathsheba,13.2167,-59.5167,84.2,61,40,21.85,BB,2021-03-04 16:59:39
475,Tambura,5.6,27.4667,85.6,15,9,6.62,SS,2021-03-04 16:59:40
476,Gat,31.61,34.7642,57.0,100,24,7.34,IL,2021-03-04 16:55:00
477,Yaroslavl,57.6299,39.8737,26.6,63,40,6.71,RU,2021-03-04 16:59:40
478,Yining,29.0361,114.5636,54.14,83,88,1.66,CN,2021-03-04 16:59:40
479,Iona,26.5204,-81.964,69.01,68,75,8.05,US,2021-03-04 16:59:40
480,Kaeo,-35.1,173.7833,57.0,95,7,3.0,NZ,2021-03-04 16:59:40
481,Easley,34.8298,-82.6015,66.99,27,1,3.44,US,2021-03-04 16:58:39
482,Machico,32.7,-16.7667,66.2,68,40,6.91,PT,2021-03-04 16:59:40
483,Nago,26.5881,127.9761,68.0,88,90,9.22,JP,2021-03-04 16:59:41
484,Souillac,-20.5167,57.5167,78.8,78,40,4.61,MU,2021-03-04 16:59:41
485,Laguna,38.421,-121.4238,51.01,76,1,4.61,US,2021-03-04 16:59:41
486,Grand Gaube,-20.0064,57.6608,78.01,73,16,1.01,MU,2021-03-04 16:59:41
487,Payson,40.0444,-111.7321,39.0,93,90,10.36,US,2021-03-04 16:59:41
488,Maceio,-9.6658,-35.7353,84.2,74,75,13.8,BR,2021-03-04 16:55:59
489,Phan Thiet,10.9333,108.1,71.96,86,0,9.22,VN,2021-03-04 16:59:42
490,Hay River,60.8156,-115.7999,-7.6,77,100,10.36,CA,2021-03-04 16:59:42
491,Masinigudi,11.5667,76.6667,65.62,43,1,4.38,IN,2021-03-04 16:59:42
492,Bichura,50.5881,107.6022,-1.39,85,16,2.89,RU,2021-03-04 16:59:42
493,Kasama,-10.2129,31.1808,63.82,92,47,3.65,ZM,2021-03-04 16:59:43
494,Bansang,13.4333,-14.65,105.8,18,0,2.3,GM,2021-03-04 16:59:43
495,Tevaitoa,-16.7833,-151.5,82.65,75,55,13.56,PF,2021-03-04 16:59:43
496,Kahului,20.8947,-156.47,64.0,94,1,9.8,US,2021-03-04 16:59:43
497,Khasan,42.4308,130.6434,35.01,85,0,1.66,RU,2021-03-04 16:59:44
498,Ilam,26.9167,87.9167,57.4,36,0,5.77,NP,2021-03-04 16:59:44
499,Limenaria,40.6261,24.5786,55.4,67,0,4.61,GR,2021-03-04 16:59:44
500,Kamenka,51.3223,42.7678,37.0,79,9,1.01,RU,2021-03-04 16:59:44
501,Patancheru,17.5314,78.265,77.0,44,0,3.44,IN,2021-03-04 16:59:44
502,Manono,-7.3,27.4167,74.12,83,64,0.89,CD,2021-03-04 16:59:44
503,Vanavara,60.34,102.2797,-8.54,88,100,7.63,RU,2021-03-04 16:59:45
504,Kosh-Agach,50.0,88.6667,-6.16,74,0,2.26,RU,2021-03-04 16:59:45
505,Krasnokamensk,50.0979,118.0369,-13.99,80,0,5.06,RU,2021-03-04 16:59:45
506,Potchefstroom,-26.7167,27.1,73.72,36,73,4.79,ZA,2021-03-04 16:59:45
507,Kutum,14.2,24.6667,71.15,14,20,14.05,SD,2021-03-04 16:59:46
508,Hoi An,15.8794,108.335,77.0,83,20,2.3,VN,2021-03-04 16:59:46
509,Alice Springs,-23.7,133.8833,77.0,23,3,8.05,AU,2021-03-04 16:55:33
510,Brenes,37.5494,-5.8714,66.99,48,0,2.3,ES,2021-03-04 16:59:46
511,Shubarshi,48.5872,57.1869,20.8,96,93,13.27,KZ,2021-03-04 16:59:46
512,Aranos,-24.1333,19.1167,83.82,23,0,5.35,NA,2021-03-04 16:59:46
513,Neyshabur,36.2133,58.7958,46.89,54,2,9.33,IR,2021-03-04 16:59:47
514,Vallenar,-28.5708,-70.7581,85.75,35,0,8.81,CL,2021-03-04 16:59:47
515,Oksbol,55.6268,8.2876,39.99,52,0,13.8,DK,2021-03-04 16:59:47
516,Muswellbrook,-32.2667,150.9,57.99,73,10,4.27,AU,2021-03-04 16:59:47
517,Moranbah,-22.0016,148.0466,69.6,81,99,15.26,AU,2021-03-04 16:59:48
518,Moree,-29.4667,149.85,66.2,63,17,8.05,AU,2021-03-04 16:59:48
519,Presidente Epitacio,-21.7633,-52.1156,82.36,69,95,12.93,BR,2021-03-04 16:59:48
520,Camacupa,-12.0167,17.4833,66.6,91,62,5.1,AO,2021-03-04 16:59:48
521,Srednekolymsk,67.45,153.6833,-10.46,89,100,18.01,RU,2021-03-04 16:59:48
522,Tambopata,-12.7333,-69.1833,82.4,83,75,9.22,PE,2021-03-04 16:59:49
523,San Policarpo,12.1791,125.5072,79.65,82,12,13.04,PH,2021-03-04 16:59:49
524,Price,39.5994,-110.8107,39.2,81,90,8.05,US,2021-03-04 16:59:49
525,Awjilah,29.1081,21.2869,59.74,35,0,7.31,LY,2021-03-04 16:59:49
526,San Cristobal,7.7669,-72.225,84.2,54,40,5.75,VE,2021-03-04 16:59:49
527,Gananoque,44.3334,-76.1661,19.99,54,4,8.99,CA,2021-03-04 16:59:50
528,Enumclaw,47.2043,-121.9915,42.01,100,90,3.8,US,2021-03-04 16:59:50
529,San Felipe,10.3399,-68.7425,84.45,55,51,6.46,VE,2021-03-04 16:59:50
530,Aplahoue,6.9333,1.6833,97.05,33,22,8.46,BJ,2021-03-04 16:59:50
531,Abu Dhabi,24.4667,54.3667,82.4,61,0,3.44,AE,2021-03-04 16:57:07
532,Marang,5.2056,103.2059,82.4,78,20,4.61,MY,2021-03-04 16:59:50
533,Tarragona,41.129,1.249,57.2,72,20,4.61,ES,2021-03-04 16:59:50
534,Albury,-36.0833,146.9167,60.8,77,14,11.5,AU,2021-03-04 16:59:44
535,Shache,38.4167,77.2406,47.59,47,14,5.17,CN,2021-03-04 16:59:50
536,Jackson,42.4165,-122.8345,45.0,74,100,1.01,US,2021-03-04 16:59:51
537,Sindor,62.8629,51.8905,8.6,96,100,4.14,RU,2021-03-04 16:59:51
538,Oum Hadjer,13.2954,19.6966,88.59,12,61,11.79,TD,2021-03-04 16:59:51
539,Emerald,-23.5333,148.1667,73.4,78,40,8.05,AU,2021-03-04 16:59:51
540,Adjud,46.1,27.1667,55.4,28,0,13.8,RO,2021-03-04 16:59:51
541,Kankon,15.0167,74.0167,80.6,89,20,3.44,IN,2021-03-04 16:59:51
542,Lufilufi,-13.8745,-171.5986,81.79,79,71,10.42,WS,2021-03-04 16:59:51
543,Ostrovnoy,68.0531,39.5131,14.07,92,100,13.67,RU,2021-03-04 16:59:52
544,Araceli,10.5529,119.9913,81.45,80,0,21.25,PH,2021-03-04 16:59:52
545,Bonavista,48.6499,-53.1147,34.0,86,100,9.22,CA,2021-03-04 16:59:52
546,Manacapuru,-3.2997,-60.6206,80.6,83,40,10.36,BR,2021-03-04 16:59:52
547,Nhulunbuy,-12.2333,136.7667,80.6,89,34,10.36,AU,2021-03-04 16:59:52
548,Changping,40.2186,116.2197,44.01,100,0,2.24,CN,2021-03-04 16:56:55
549,Fort Nelson,58.8053,-122.7002,3.2,78,90,3.44,CA,2021-03-04 16:59:53
550,Brigantine,39.4101,-74.3646,46.99,46,75,20.71,US,2021-03-04 16:59:53
551,Yumbe,3.4651,31.2469,85.21,27,85,3.29,UG,2021-03-04 16:59:53
552,Nagato,34.3833,131.2,50.0,93,75,17.27,JP,2021-03-04 16:59:54
553,Medvedovskaya,45.4531,39.0258,42.01,94,27,12.62,RU,2021-03-04 16:59:54
554,Chauk,20.8833,94.8167,72.36,52,39,4.27,MM,2021-03-04 16:59:54
555,Evensk,61.95,159.2333,-23.44,75,100,10.31,RU,2021-03-04 16:59:54
556,Santa Vitoria Do Palmar,-33.5189,-53.3681,77.31,78,99,10.65,BR,2021-03-04 16:59:54
557,Taksimo,56.3444,114.8794,-24.65,72,1,3.69,RU,2021-03-04 16:59:54
558,Aykhal,66.0,111.5,-31.83,70,20,6.93,RU,2021-03-04 16:59:54
559,Campana,-34.1687,-58.9591,84.99,74,75,9.22,AR,2021-03-04 16:59:55
560,Maracacume,-2.0428,-45.9592,83.48,81,67,5.95,BR,2021-03-04 16:59:55
561,Pinar Del Rio,22.4175,-83.6981,81.82,59,54,10.22,CU,2021-03-04 16:59:55
562,Kununurra,-15.7667,128.7333,78.8,59,7,3.44,AU,2021-03-04 16:59:55
563,Pushkino,56.0172,37.8667,32.0,59,0,6.71,RU,2021-03-04 16:59:56
564,Pevek,69.7008,170.3133,-3.06,89,100,4.88,RU,2021-03-04 16:59:56
565,Lakatoro,-16.0999,167.4164,78.1,87,100,12.19,VU,2021-03-04 16:59:56
566,Camocim,-2.9022,-40.8411,83.25,78,62,11.18,BR,2021-03-04 16:59:56
567,Marand,38.4329,45.7749,42.8,70,90,6.91,IR,2021-03-04 16:59:56
568,Tabuk,17.4189,121.4443,70.86,89,12,2.04,PH,2021-03-04 16:59:57
569,Saint-Francois,46.4154,3.9054,54.0,76,0,3.44,FR,2021-03-04 16:59:57
570,Aqtobe,50.2797,57.2072,21.2,86,97,24.61,KZ,2021-03-04 16:56:07
571,Opuwo,-18.0607,13.84,84.36,25,1,8.99,NA,2021-03-04 16:59:57
572,Ayan,56.45,138.1667,-14.93,75,0,14.65,RU,2021-03-04 16:59:57
573,Ibarra,0.35,-78.1167,66.2,59,40,3.44,EC,2021-03-04 16:59:57
574,San Lorenzo,-25.3333,-57.5333,82.4,74,75,6.91,PY,2021-03-04 16:59:57
575,Cravo Norte,6.3017,-70.2041,96.66,29,3,10.96,CO,2021-03-04 16:59:58
576,Halifax,44.6453,-63.5724,39.0,48,1,21.85,CA,2021-03-04 16:57:16
577,Laurel,39.0993,-76.8483,51.8,43,1,14.97,US,2021-03-04 16:57:12
578,Codrington,-38.2667,141.9667,57.54,75,93,12.08,AU,2021-03-04 16:59:58
579,Gambela,8.25,34.5833,85.37,38,47,3.53,ET,2021-03-04 16:59:58
580,Campbellton,48.0075,-66.6727,14.0,57,100,21.85,CA,2021-03-04 16:59:59
581,High Level,58.5169,-117.136,3.2,78,40,5.75,CA,2021-03-04 16:59:59
582,Wattegama,6.7989,81.4808,70.43,83,0,3.42,LK,2021-03-04 16:59:59
583,Puerto Colombia,10.9878,-74.9547,89.6,51,20,4.61,CO,2021-03-04 16:57:18
