City_ID,City,Country,Date,Lat,Lng,Max Temp,Humidity,Cloudiness,Wind Speed,Current Description
0,Jamestown,US,2021-03-10 02:52:14,42.097,-79.2353,44.6,49,1,4.81,clear sky
1,Matay,EG,2021-03-10 02:59:53,28.419,30.7792,63.82,26,0,4.7,clear sky
2,Moultonborough,US,2021-03-10 02:56:23,43.7548,-71.3967,37.4,64,1,6.91,clear sky
3,Qaanaaq,GL,2021-03-10 02:59:54,77.484,-69.3632,3.7,81,60,3.87,broken clouds
4,Yaan,NG,2021-03-10 02:53:01,7.3833,8.5667,79.07,77,0,9.44,clear sky
5,Bredasdorp,ZA,2021-03-10 02:59:54,-34.5322,20.0403,71.6,60,59,17.27,broken clouds
6,Billings,US,2021-03-10 02:58:03,45.7833,-108.5007,39.99,48,40,5.75,scattered clouds
7,Homer,US,2021-03-10 02:54:07,59.6425,-151.5483,39.2,75,90,4.74,light rain
8,Pangai,TO,2021-03-10 02:59:55,-19.8,-174.35,82.4,54,20,5.75,few clouds
9,Mataura,NZ,2021-03-10 02:48:30,-46.1927,168.8643,57.99,80,92,11.01,overcast clouds
10,Hobart,AU,2021-03-10 02:59:55,-42.8794,147.3294,70.0,45,20,10.36,few clouds
11,Mendoza,AR,2021-03-10 02:59:55,-32.8908,-68.8272,77.0,57,0,5.41,clear sky
12,Busselton,AU,2021-03-10 02:59:55,-33.65,115.3333,86.0,49,96,1.99,overcast clouds
13,Dikson,RU,2021-03-10 02:53:00,73.5069,80.5464,-23.21,88,100,8.39,overcast clouds
14,Rikitea,PF,2021-03-10 02:59:56,-23.1203,-134.9692,80.62,80,13,15.82,few clouds
15,Pevek,RU,2021-03-10 02:49:57,69.7008,170.3133,-11.18,85,100,11.21,overcast clouds
16,Ribeira Grande,PT,2021-03-10 02:59:56,38.5167,-28.7,60.94,89,99,17.2,overcast clouds
17,Hermanus,ZA,2021-03-10 02:59:56,-34.4187,19.2345,63.0,96,82,11.01,broken clouds
18,Nurota,UZ,2021-03-10 02:59:57,40.5614,65.6886,42.8,87,88,11.5,overcast clouds
19,Iqaluit,CA,2021-03-10 02:59:57,63.7506,-68.5145,8.6,72,90,7.16,light snow
20,North Bend,US,2021-03-10 02:53:33,43.4065,-124.2243,44.6,87,20,6.91,few clouds
21,Upernavik,GL,2021-03-10 02:59:57,72.7868,-56.1549,10.33,84,100,3.38,overcast clouds
22,Carnarvon,AU,2021-03-10 02:59:58,-24.8667,113.6333,82.4,69,0,8.05,clear sky
23,Beringovskiy,RU,2021-03-10 02:59:58,63.05,179.3167,-12.26,81,0,3.04,clear sky
24,Pulandian,CN,2021-03-10 02:59:58,39.3953,121.9669,50.0,62,92,8.95,mist
25,Bethel,US,2021-03-10 02:52:55,41.3712,-73.414,41.0,65,1,3.74,clear sky
26,Dukat,RU,2021-03-10 02:59:58,62.55,155.55,-2.0,84,0,6.96,clear sky
27,Loandjili,CG,2021-03-10 02:59:59,-4.7561,11.8578,80.6,89,75,3.44,broken clouds
28,Punta Arenas,CL,2021-03-10 02:53:02,-53.15,-70.9167,51.8,76,40,5.75,light rain
29,Bage,BR,2021-03-10 02:59:59,-31.3314,-54.1069,64.4,88,0,6.91,clear sky
30,Kapaa,US,2021-03-10 02:59:59,22.0752,-159.319,71.6,94,90,19.57,mist
31,Barrow,US,2021-03-10 02:58:54,71.2906,-156.7887,14.0,48,1,14.97,clear sky
32,Tautira,PF,2021-03-10 02:53:06,-17.7333,-149.15,86.0,66,75,11.5,broken clouds
33,Flinders,AU,2021-03-10 02:50:27,-34.5833,150.8552,75.99,60,75,9.22,broken clouds
34,Marawi,PH,2021-03-10 02:55:11,7.9986,124.2928,82.0,79,44,5.01,scattered clouds
35,Carolina,PR,2021-03-10 03:00:00,18.3808,-65.9574,78.8,73,40,13.8,scattered clouds
36,At-Bashi,KG,2021-03-10 03:00:00,41.1702,75.8106,27.36,86,99,2.64,overcast clouds
37,Malinovoye Ozero,RU,2021-03-10 03:00:00,51.6753,79.7825,19.27,94,40,9.46,scattered clouds
38,Castro,BR,2021-03-10 02:53:05,-24.7911,-50.0119,55.9,91,3,2.64,clear sky
39,Semey,KZ,2021-03-10 03:00:01,50.4111,80.2275,19.4,93,0,6.71,mist
40,New Norfolk,AU,2021-03-10 02:52:49,-42.7826,147.0587,70.0,45,20,10.36,few clouds
41,Ushuaia,AR,2021-03-10 02:57:04,-54.8,-68.3,59.0,51,40,4.14,scattered clouds
42,Torrington,US,2021-03-10 03:00:02,41.8007,-73.1212,35.01,70,4,1.99,clear sky
43,Lebu,CL,2021-03-10 03:00:02,-37.6167,-73.65,58.86,88,93,4.68,overcast clouds
44,Vila Franca Do Campo,PT,2021-03-10 03:00:04,37.7167,-25.4333,59.0,94,75,11.5,broken clouds
45,Biak,ID,2021-03-10 03:00:05,-0.9131,122.8766,82.53,65,99,1.01,overcast clouds
46,Georgetown,MY,2021-03-10 03:00:06,5.4112,100.3354,89.6,48,20,6.91,few clouds
47,Arraial Do Cabo,BR,2021-03-10 03:00:06,-22.9661,-42.0278,71.6,100,75,2.3,broken clouds
48,Abalak,RU,2021-03-10 03:00:07,58.1286,68.5944,-2.24,93,82,4.09,broken clouds
49,Bom Jesus,BR,2021-03-10 03:00:07,-9.0744,-44.3586,72.95,86,8,1.25,light rain
50,Yining,CN,2021-03-10 03:00:08,29.0361,114.5636,57.88,71,100,1.88,overcast clouds
51,Katherine,AU,2021-03-10 03:00:09,-14.4667,132.2667,87.8,62,75,5.75,broken clouds
52,Bonthe,SL,2021-03-10 03:00:09,7.5264,-12.505,78.51,88,28,2.95,scattered clouds
53,Chernushka,RU,2021-03-10 03:00:10,56.5072,56.0766,1.9,92,96,13.35,overcast clouds
54,Port Alfred,ZA,2021-03-10 03:00:10,-33.5906,26.891,73.33,51,0,10.87,clear sky
55,Macapa,BR,2021-03-10 02:58:42,0.0389,-51.0664,78.8,89,75,4.61,broken clouds
56,Albany,US,2021-03-10 03:00:11,42.6001,-73.9662,37.4,70,20,4.61,few clouds
57,Camalu,MX,2021-03-10 03:00:12,30.85,-116.0667,51.01,53,0,3.0,clear sky
58,Tuatapere,NZ,2021-03-10 03:00:12,-46.1333,167.6833,57.99,74,84,15.01,light rain
59,Northam,GB,2021-03-10 02:53:00,51.0333,-4.2167,46.99,92,100,17.0,light rain
60,Hilo,US,2021-03-10 03:00:07,19.7297,-155.09,71.6,88,90,3.44,mist
61,Butaritari,KI,2021-03-10 03:00:13,3.0707,172.7902,81.95,72,100,8.99,light rain
62,Atuona,PF,2021-03-10 03:00:14,-9.8,-139.0333,79.84,76,39,19.8,scattered clouds
63,Geraldton,AU,2021-03-10 03:00:14,-28.7667,114.6,82.4,65,0,11.5,clear sky
64,Preobrazheniye,RU,2021-03-10 03:00:15,42.9019,133.9064,36.34,68,0,7.9,clear sky
65,Yellowknife,CA,2021-03-10 03:00:15,62.456,-114.3525,-7.6,64,20,5.75,few clouds
66,Lompoc,US,2021-03-10 02:56:23,34.6391,-120.4579,53.6,66,1,5.75,clear sky
67,Taunggyi,MM,2021-03-10 03:00:16,20.7833,97.0333,80.58,22,0,1.63,clear sky
68,Derzhavinsk,KZ,2021-03-10 03:00:17,51.1,66.3167,11.91,96,96,3.56,overcast clouds
69,Itaituba,BR,2021-03-10 03:00:17,-4.2761,-55.9836,75.2,94,75,1.16,broken clouds
70,Vaini,TO,2021-03-10 02:53:04,-21.2,-175.2,82.4,57,20,14.97,few clouds
71,Taltal,CL,2021-03-10 02:53:18,-25.4,-70.4833,64.83,79,0,1.45,clear sky
72,Dutlwe,BW,2021-03-10 03:00:18,-23.9833,23.9,71.69,28,37,4.25,scattered clouds
73,Salalah,OM,2021-03-10 02:54:02,17.0151,54.0924,71.6,37,0,2.3,clear sky
74,Buala,SB,2021-03-10 02:54:01,-8.145,159.5921,83.64,75,58,1.03,moderate rain
75,Caldas Novas,BR,2021-03-10 03:00:18,-17.7417,-48.625,67.44,95,100,1.52,light rain
76,Thompson,CA,2021-03-10 03:00:19,55.7435,-97.8558,6.8,66,40,2.53,scattered clouds
77,Punta De Piedra,VE,2021-03-10 03:00:19,7.6176,-71.4916,76.28,73,97,3.65,light rain
78,Svetlyy,RU,2021-03-10 02:59:01,54.675,20.1347,24.8,74,0,6.71,clear sky
79,Aykhal,RU,2021-03-10 02:49:05,66.0,111.5,-1.79,88,94,19.57,overcast clouds
80,Dwarka,IN,2021-03-10 03:00:20,22.2394,68.9678,76.73,72,0,5.46,clear sky
81,Minab,IR,2021-03-10 03:00:20,27.1467,57.0801,66.2,88,0,6.6,mist
82,Mogwase,ZA,2021-03-10 02:54:42,-25.185,27.2665,68.0,52,3,3.62,clear sky
83,Araouane,ML,2021-03-10 02:53:26,18.9048,-3.5265,69.71,24,0,12.39,clear sky
84,Half Moon Bay,US,2021-03-10 03:00:21,37.4636,-122.4286,48.2,87,90,9.22,moderate rain
85,Hanover,DE,2021-03-10 03:00:00,52.3705,9.7332,39.0,100,75,1.14,mist
86,Umea,SE,2021-03-10 03:00:21,63.8284,20.2597,-4.0,84,1,4.61,clear sky
87,Hualmay,PE,2021-03-10 03:00:22,-11.0964,-77.6139,72.59,79,99,0.67,overcast clouds
88,Puerto Penasco,MX,2021-03-10 02:58:02,31.3167,-113.5333,63.0,80,0,5.99,clear sky
89,Los Llanos De Aridane,ES,2021-03-10 03:00:22,28.6585,-17.9182,62.6,63,40,17.27,scattered clouds
90,Port Elizabeth,ZA,2021-03-10 03:00:23,-33.918,25.5701,64.4,77,0,7.45,clear sky
91,Lorengau,PG,2021-03-10 03:00:23,-2.0226,147.2712,85.37,68,73,9.28,broken clouds
92,Nikolskoye,RU,2021-03-10 03:00:24,59.7035,30.7861,-2.99,71,0,6.71,clear sky
93,Mahebourg,MU,2021-03-10 03:00:24,-20.4081,57.7,75.2,88,75,10.38,light rain
94,Strezhevoy,RU,2021-03-10 03:00:24,60.7333,77.5889,-13.0,84,0,4.47,clear sky
95,Mount Isa,AU,2021-03-10 03:00:25,-20.7333,139.5,95.0,31,27,8.05,scattered clouds
96,Norman Wells,CA,2021-03-10 03:00:26,65.282,-126.8329,3.2,60,20,5.75,few clouds
97,Miyang,CN,2021-03-10 03:00:26,24.4042,103.4428,71.04,29,10,13.78,clear sky
98,Naze,JP,2021-03-10 03:00:27,28.3667,129.4833,68.0,60,40,17.27,scattered clouds
99,Kapit,MY,2021-03-10 03:00:27,2.0167,112.9333,87.58,59,99,1.57,overcast clouds
100,Kavaratti,IN,2021-03-10 02:53:09,10.5669,72.642,83.03,71,87,8.19,overcast clouds
101,Veraval,IN,2021-03-10 03:00:28,20.9,70.3667,75.51,61,0,8.28,clear sky
102,Cape Town,ZA,2021-03-10 03:00:28,-33.9258,18.4232,66.0,94,90,19.57,heavy intensity rain
103,Tawau,MY,2021-03-10 03:00:29,4.2498,117.8871,86.0,74,20,2.3,few clouds
104,Tumarbong,PH,2021-03-10 03:00:29,10.3766,119.4579,83.19,66,28,14.92,scattered clouds
105,Egvekinot,RU,2021-03-10 03:00:30,66.3167,-179.1667,-28.25,86,4,1.63,clear sky
106,Porto Novo,BJ,2021-03-10 03:00:30,6.4965,2.6036,84.2,84,40,14.97,scattered clouds
107,Isangel,VU,2021-03-10 03:00:31,-19.55,169.2667,81.34,62,4,10.67,clear sky
108,Konstantinovka,RU,2021-03-10 03:00:31,49.6167,127.9833,28.8,93,100,15.46,overcast clouds
109,Asfi,MA,2021-03-10 02:53:38,32.2994,-9.2372,52.0,76,2,14.05,clear sky
110,Codrington,AU,2021-03-10 03:00:32,-38.2667,141.9667,66.11,59,14,12.73,few clouds
111,Brae,GB,2021-03-10 02:54:50,60.3964,-1.353,42.8,93,90,36.82,overcast clouds
112,Murree,PK,2021-03-10 03:00:33,33.9073,73.393,64.99,52,95,7.0,overcast clouds
113,Aktas,KZ,2021-03-10 02:54:35,49.7789,72.9608,30.2,86,100,31.32,snow
114,Souillac,MU,2021-03-10 03:00:34,-20.5167,57.5167,75.2,88,75,8.23,broken clouds
115,Innisfail,AU,2021-03-10 02:59:29,-17.5333,146.0333,82.4,63,36,8.43,scattered clouds
116,Kruisfontein,ZA,2021-03-10 03:00:34,-34.0033,24.7314,66.97,50,3,7.07,clear sky
117,Chuy,UY,2021-03-10 02:53:51,-33.6971,-53.4616,65.17,89,37,6.44,scattered clouds
118,Spencer,US,2021-03-10 02:57:53,43.1414,-95.1444,53.01,76,1,6.91,clear sky
119,Fortuna,US,2021-03-10 03:00:35,40.5982,-124.1573,44.01,93,90,10.36,overcast clouds
120,Barra Do Garcas,BR,2021-03-10 02:53:31,-15.89,-52.2567,70.86,91,100,0.96,overcast clouds
121,Wamba,NG,2021-03-10 02:55:16,8.9333,8.6,74.17,42,0,1.41,clear sky
122,Rawson,AR,2021-03-10 02:52:43,-43.3002,-65.1023,81.61,29,49,19.66,scattered clouds
123,Bambous Virieux,MU,2021-03-10 03:00:35,-20.3428,57.7575,77.0,88,75,10.8,light rain
124,Birobidzhan,RU,2021-03-10 03:00:36,48.8,132.95,28.8,87,99,3.62,overcast clouds
125,Ballina,AU,2021-03-10 02:53:33,-28.8667,153.5667,82.4,83,90,9.22,overcast clouds
126,Luoyang,CN,2021-03-10 03:00:36,34.6836,112.4536,54.0,99,88,5.03,overcast clouds
127,Pekan Nenas,MY,2021-03-10 03:00:37,1.51,103.5141,82.99,78,20,6.91,few clouds
128,Namatanai,PG,2021-03-10 02:54:55,-3.6667,152.4333,83.97,66,95,8.14,overcast clouds
129,Leningradskiy,RU,2021-03-10 03:00:37,69.3833,178.4167,-10.55,83,100,7.16,overcast clouds
130,Tiarei,PF,2021-03-10 03:00:38,-17.5333,-149.3333,86.0,66,75,11.5,broken clouds
131,Khambhaliya,IN,2021-03-10 03:00:38,22.2072,69.6683,69.8,94,20,3.44,mist
132,Komsomolskiy,UZ,2021-03-10 02:53:35,40.4272,71.7189,48.2,66,100,6.91,overcast clouds
133,Menongue,AO,2021-03-10 03:00:39,-14.6585,17.691,62.2,80,8,2.57,clear sky
134,Kirakira,SB,2021-03-10 02:54:53,-10.4544,161.9205,85.06,74,75,5.7,broken clouds
135,Camopi,GF,2021-03-10 03:00:39,3.1655,-52.3158,72.0,98,100,2.13,overcast clouds
136,Sao Filipe,CV,2021-03-10 03:00:40,14.8961,-24.4956,69.22,78,67,9.1,broken clouds
137,Ilulissat,GL,2021-03-10 03:00:40,69.2167,-51.1,17.6,73,90,4.45,overcast clouds
138,Alice Springs,AU,2021-03-10 03:00:21,-23.7,133.8833,91.4,33,0,8.05,clear sky
139,Tuktoyaktuk,CA,2021-03-10 03:00:41,69.4541,-133.0374,-0.4,71,75,16.11,broken clouds
140,Mar Del Plata,AR,2021-03-10 03:00:41,-38.0023,-57.5575,66.99,82,40,4.61,scattered clouds
141,Praia Da Vitoria,PT,2021-03-10 02:54:32,38.7333,-27.0667,59.0,94,20,7.49,few clouds
142,Dingle,PH,2021-03-10 02:53:44,10.9995,122.6711,83.46,65,60,15.99,broken clouds
143,Amga,RU,2021-03-10 03:00:42,60.8953,131.9608,15.39,94,100,9.62,overcast clouds
144,Salinopolis,BR,2021-03-10 03:00:42,-0.6136,-47.3561,75.87,94,100,8.1,heavy intensity rain
145,Poum,NC,2021-03-10 03:00:43,-20.2333,164.0167,79.61,70,4,4.47,clear sky
146,Saint-Philippe,RE,2021-03-10 03:00:43,-21.3585,55.7679,75.2,78,90,6.91,light rain
147,Dharchula,IN,2021-03-10 03:00:44,29.85,80.5333,67.17,23,3,2.46,clear sky
148,Inirida,CO,2021-03-10 03:00:44,3.8653,-67.9239,74.39,95,100,2.06,light rain
149,Baruun-Urt,MN,2021-03-10 03:00:45,46.6806,113.2792,33.04,86,25,13.87,scattered clouds
150,Bluff,NZ,2021-03-10 03:00:45,-46.6,168.3333,57.99,74,78,15.01,light rain
151,Sola,VU,2021-03-10 03:00:46,-13.8833,167.55,82.31,73,98,6.04,light rain
152,Mogadishu,SO,2021-03-10 03:00:46,2.0371,45.3438,77.94,85,95,13.2,overcast clouds
153,Todos Santos,MX,2021-03-10 03:00:46,23.45,-110.2167,64.99,80,100,1.01,overcast clouds
154,Wilmington,US,2021-03-10 03:00:47,34.2257,-77.9447,54.0,54,1,9.22,clear sky
155,Vila Velha,BR,2021-03-10 03:00:26,-20.3297,-40.2925,73.4,94,90,4.61,moderate rain
156,Rostovka,RU,2021-03-10 03:00:47,55.3842,71.8891,16.21,97,100,4.0,light snow
157,Kloulklubed,PW,2021-03-10 03:00:48,7.0419,134.2556,84.2,79,75,12.66,light rain
158,Karratha,AU,2021-03-10 02:53:04,-20.7377,116.8463,92.77,37,0,6.04,clear sky
159,Bayevo,RU,2021-03-10 03:00:48,53.2833,80.7667,10.51,96,77,5.46,broken clouds
160,Eyrarbakki,IS,2021-03-10 03:00:48,63.863,-21.1481,35.6,69,0,5.75,light snow
161,Hay River,CA,2021-03-10 03:00:04,60.8156,-115.7999,-5.8,77,100,5.75,overcast clouds
162,Port Hardy,CA,2021-03-10 02:53:26,50.6996,-127.4199,46.4,66,40,8.05,scattered clouds
163,Tamiahua,MX,2021-03-10 03:00:49,21.2667,-97.45,68.13,85,0,8.28,clear sky
164,Rogers,US,2021-03-10 03:00:49,36.3668,-95.5836,64.0,63,40,13.8,scattered clouds
165,Kaitangata,NZ,2021-03-10 03:00:50,-46.2817,169.8464,57.99,78,100,17.0,overcast clouds
166,Hovd,MN,2021-03-10 03:00:50,48.0056,91.6419,33.44,56,0,3.33,clear sky
167,San Carlos De Bariloche,AR,2021-03-10 02:54:03,-41.1456,-71.3082,62.6,42,0,16.11,clear sky
168,Kokopo,PG,2021-03-10 03:00:50,-4.352,152.2633,84.18,66,45,5.12,scattered clouds
169,Nanortalik,GL,2021-03-10 03:00:51,60.1432,-45.2371,22.73,94,20,4.5,few clouds
170,Kashi,CN,2021-03-10 03:00:52,39.4547,75.9797,46.4,31,75,8.95,broken clouds
171,Ambulu,ID,2021-03-10 02:59:19,-8.345,113.6058,85.96,62,0,3.15,clear sky
172,Bunia,CD,2021-03-10 03:00:52,1.5667,30.25,63.79,75,8,4.29,clear sky
173,Hithadhoo,MV,2021-03-10 03:00:53,-0.6,73.0833,83.71,64,75,4.65,broken clouds
174,Atar,MR,2021-03-10 03:00:54,20.5169,-13.0499,59.61,41,97,11.34,overcast clouds
175,Longyearbyen,SJ,2021-03-10 02:53:25,78.2186,15.6401,19.4,93,20,8.05,few clouds
176,Bengkulu,ID,2021-03-10 03:00:54,-3.8004,102.2655,84.33,64,32,2.91,scattered clouds
177,Mayo,US,2021-03-10 02:59:28,38.8876,-76.5119,52.0,66,1,4.25,clear sky
178,Freeport,US,2021-03-10 02:56:27,40.6576,-73.5832,48.2,43,1,6.91,clear sky
179,Iglesias,IT,2021-03-10 03:00:55,39.3114,8.535,51.8,81,75,5.75,light rain
180,Kodiak,US,2021-03-10 03:00:56,57.79,-152.4072,37.4,87,90,8.05,light rain
181,Padang,ID,2021-03-10 02:53:17,-0.9492,100.3543,82.4,74,20,8.05,few clouds
182,Lazaro Cardenas,MX,2021-03-10 03:00:56,17.9583,-102.2,73.33,86,0,5.21,clear sky
183,Kihei,US,2021-03-10 02:59:14,20.785,-156.4656,73.4,78,90,9.22,light rain
184,East London,ZA,2021-03-10 03:00:57,-33.0153,27.9116,72.54,49,0,6.08,clear sky
185,Mecca,SA,2021-03-10 03:00:57,21.4267,39.8261,73.71,54,0,1.97,clear sky
186,Kalmunai,LK,2021-03-10 02:54:12,7.4167,81.8167,81.3,76,28,6.4,scattered clouds
187,Talnakh,RU,2021-03-10 03:00:57,69.4865,88.3972,-17.32,87,100,4.14,overcast clouds
188,Goderich,CA,2021-03-10 03:00:04,43.7501,-81.7165,39.2,81,37,11.5,scattered clouds
189,Novopokrovka,UA,2021-03-10 03:00:58,49.8425,36.5477,15.8,73,0,6.71,clear sky
190,Polewali,ID,2021-03-10 03:00:58,-3.4324,119.3435,80.98,75,97,1.95,light rain
191,Cuxhaven,DE,2021-03-10 03:00:59,53.8718,8.6909,36.0,89,92,2.3,overcast clouds
192,Cap Malheureux,MU,2021-03-10 03:00:59,-19.9842,57.6142,77.0,81,19,4.0,few clouds
193,Tasiilaq,GL,2021-03-10 03:01:00,65.6145,-37.6368,13.98,95,100,4.76,light snow
194,Provideniya,RU,2021-03-10 03:01:00,64.3833,-173.3,-9.4,77,0,13.42,clear sky
195,Ostrovnoy,RU,2021-03-10 02:53:03,68.0531,39.5131,17.82,94,100,17.85,light snow
196,Carballo,ES,2021-03-10 03:01:01,43.213,-8.691,41.0,93,0,5.75,clear sky
197,Sambava,MG,2021-03-10 03:01:01,-14.2667,50.1667,75.06,89,100,6.29,overcast clouds
198,Ternate,ID,2021-03-10 03:01:01,0.8,127.4,84.13,71,100,4.92,overcast clouds
199,Gizo,SB,2021-03-10 02:53:58,-8.103,156.8419,84.27,69,35,1.97,light rain
200,Kamaishi,JP,2021-03-10 02:54:36,39.2667,141.8833,42.8,45,75,12.66,broken clouds
201,Vilhena,BR,2021-03-10 03:01:02,-12.7406,-60.1458,68.22,98,100,1.52,overcast clouds
202,Hasaki,JP,2021-03-10 02:53:45,35.7333,140.8333,64.0,31,20,17.27,few clouds
203,Tiksi,RU,2021-03-10 03:01:02,71.6872,128.8694,-6.99,88,100,2.68,overcast clouds
204,Airai,TL,2021-03-10 03:01:02,-8.9266,125.4092,73.49,75,84,1.9,broken clouds
205,Loikaw,MM,2021-03-10 03:01:02,19.6742,97.2094,85.37,19,22,2.15,few clouds
206,Klaksvik,FO,2021-03-10 02:52:56,62.2266,-6.589,42.8,87,75,36.82,broken clouds
207,Isiro,CD,2021-03-10 03:01:03,2.7739,27.616,64.49,86,7,2.28,clear sky
208,San Quintin,MX,2021-03-10 02:54:47,30.4833,-115.95,55.4,70,0,19.06,clear sky
209,Saldanha,ZA,2021-03-10 03:01:03,-33.0117,17.9442,62.6,94,99,17.27,light rain
210,Santa Isabel Do Rio Negro,BR,2021-03-10 03:01:03,-0.4139,-65.0192,72.91,97,100,2.77,moderate rain
211,Grand Gaube,MU,2021-03-10 03:01:04,-20.0064,57.6608,77.0,81,21,4.0,few clouds
212,Seoul,KR,2021-03-10 02:49:38,37.5683,126.9778,51.8,50,0,4.61,haze
213,Chupa,RU,2021-03-10 03:01:04,66.27,33.0549,2.28,91,18,4.88,few clouds
214,Concarneau,FR,2021-03-10 03:01:04,47.875,-3.9225,44.6,81,90,8.05,overcast clouds
215,Aswan,EG,2021-03-10 03:01:05,24.0934,32.907,65.66,38,0,7.43,clear sky
216,Thunder Bay,CA,2021-03-10 03:01:05,48.4001,-89.3168,42.8,65,90,5.75,overcast clouds
217,Faanui,PF,2021-03-10 03:01:05,-16.4833,-151.75,82.56,70,94,11.32,overcast clouds
218,Puerto Ayora,EC,2021-03-10 03:01:05,-0.7393,-90.3518,80.01,90,97,1.41,overcast clouds
219,Medina Del Campo,ES,2021-03-10 03:01:06,41.3124,-4.9141,35.01,86,0,3.44,clear sky
220,Porto Velho,BR,2021-03-10 03:01:06,-8.7619,-63.9039,75.2,88,75,5.75,broken clouds
221,Izalco,SV,2021-03-10 03:01:06,13.7447,-89.6731,72.0,71,100,8.01,overcast clouds
222,Pundaguitan,PH,2021-03-10 03:01:07,6.3711,126.1689,79.47,81,98,7.61,overcast clouds
223,Black River,JM,2021-03-10 03:01:07,18.0264,-77.8487,77.0,73,40,8.05,scattered clouds
224,Tabou,CI,2021-03-10 03:01:07,4.423,-7.3528,78.55,89,95,7.58,light rain
225,Elko,US,2021-03-10 02:59:13,41.0002,-115.5012,34.0,34,100,4.76,overcast clouds
226,Mildura,AU,2021-03-10 03:01:07,-34.2,142.15,80.01,31,86,6.91,overcast clouds
227,Sabang,ID,2021-03-10 02:53:18,5.8933,95.3214,82.65,74,9,18.81,clear sky
228,Limbang,MY,2021-03-10 02:58:28,4.75,115.0,84.2,79,75,1.14,broken clouds
229,Ouesso,CG,2021-03-10 02:54:47,1.6136,16.0517,70.0,92,95,1.41,light rain
230,Saint George,US,2021-03-10 02:54:09,37.1041,-113.5841,55.4,14,1,13.8,clear sky
231,Hofn,IS,2021-03-10 02:53:11,64.2539,-15.2082,38.66,78,100,27.6,light rain
232,Atbasar,KZ,2021-03-10 02:54:03,51.8,68.3333,13.95,96,100,8.03,light snow
233,Sinnamary,GF,2021-03-10 03:01:08,5.3833,-52.95,76.91,87,100,11.59,overcast clouds
234,Kahului,US,2021-03-10 03:01:08,20.8947,-156.47,73.4,78,90,9.22,light rain
235,Paramonga,PE,2021-03-10 03:01:09,-10.6667,-77.8333,72.97,78,98,0.49,overcast clouds
236,Telfs,AT,2021-03-10 03:01:09,47.3,11.0667,35.6,69,75,1.14,broken clouds
237,Pereslavl-Zalesskiy,RU,2021-03-10 03:01:09,56.7393,38.8563,-17.27,88,67,5.82,broken clouds
238,Jalu,LY,2021-03-10 03:01:09,29.0331,21.5482,58.17,86,0,9.37,clear sky
239,Namibe,AO,2021-03-10 03:01:10,-15.1961,12.1522,74.35,79,98,5.28,overcast clouds
240,Waihi Beach,NZ,2021-03-10 03:01:10,-37.4,175.9333,70.0,73,100,4.0,moderate rain
241,Armacao De Pera,PT,2021-03-10 03:01:10,37.1026,-8.357,53.6,58,0,9.22,clear sky
242,Salme,NP,2021-03-10 03:01:10,28.0369,85.0942,60.8,77,20,3.33,mist
243,Cidreira,BR,2021-03-10 03:01:11,-30.1811,-50.2056,68.65,77,0,1.32,clear sky
244,Nades,RO,2021-03-10 03:01:11,46.3167,24.7333,34.0,69,75,3.44,broken clouds
245,Nantucket,US,2021-03-10 02:54:46,41.2835,-70.0995,41.0,81,1,6.91,clear sky
246,Narsaq,GL,2021-03-10 03:01:12,60.9167,-46.05,23.0,50,75,6.91,broken clouds
247,Grindavik,IS,2021-03-10 03:01:12,63.8424,-22.4338,33.8,80,90,23.02,overcast clouds
248,Adre,TD,2021-03-10 03:01:13,13.4667,22.2,66.83,20,0,9.95,clear sky
249,Avarua,CK,2021-03-10 03:01:13,-21.2078,-159.775,80.6,78,90,4.61,light rain
250,Cabo San Lucas,MX,2021-03-10 02:59:09,22.8909,-109.9124,75.2,46,75,13.49,broken clouds
251,Kasama,ZM,2021-03-10 03:01:14,-10.2129,31.1808,58.41,98,56,1.39,broken clouds
252,Jonkoping,SE,2021-03-10 03:01:14,57.7814,14.1562,26.6,80,90,5.75,overcast clouds
253,Kholtoson,RU,2021-03-10 03:01:14,50.2981,103.3097,29.23,89,61,2.57,broken clouds
254,Khatanga,RU,2021-03-10 03:01:14,71.9667,102.5,-23.01,85,100,16.2,overcast clouds
255,Ambunti,PG,2021-03-10 03:01:15,-4.2365,142.8448,86.95,67,87,3.89,overcast clouds
256,Chokurdakh,RU,2021-03-10 03:01:15,70.6333,147.9167,-10.79,88,40,10.56,scattered clouds
257,Sajanan,TN,2021-03-10 03:01:15,37.0573,9.2426,55.4,71,40,14.97,scattered clouds
258,Kenai,US,2021-03-10 03:01:15,60.5544,-151.2583,33.8,86,90,9.22,light rain
259,Makakilo City,US,2021-03-10 02:54:35,21.3469,-158.0858,75.2,88,90,10.36,moderate rain
260,Itarema,BR,2021-03-10 02:53:24,-2.9248,-39.9167,78.75,84,93,9.08,overcast clouds
261,Clyde River,CA,2021-03-10 03:01:16,70.4692,-68.5914,-4.0,84,90,17.27,light snow
262,Rosario,AR,2021-03-10 03:00:15,-32.9468,-60.6393,73.4,60,0,8.05,clear sky
263,Saint-Joseph,RE,2021-03-10 03:01:16,-21.3667,55.6167,75.2,78,90,6.91,light rain
264,Cozumel,MX,2021-03-10 03:01:16,20.5083,-86.9458,75.2,60,20,6.91,few clouds
265,Pangnirtung,CA,2021-03-10 03:01:17,66.1451,-65.7125,-2.88,87,100,2.39,overcast clouds
266,Palu,ID,2021-03-10 03:01:17,-0.8917,119.8707,77.65,79,100,2.84,light rain
267,Sorland,NO,2021-03-10 03:01:17,67.667,12.6934,31.37,90,100,17.49,overcast clouds
268,Anda,CN,2021-03-10 03:01:17,46.4,125.3167,34.05,77,0,15.28,clear sky
269,Caravelas,BR,2021-03-10 02:53:55,-17.7125,-39.2481,74.75,90,99,4.5,overcast clouds
270,Cherskiy,RU,2021-03-10 03:01:18,68.75,161.3,-5.4,89,100,13.38,overcast clouds
271,Waling,NP,2021-03-10 03:01:18,27.9833,83.7667,76.21,19,0,1.74,clear sky
272,Muros,ES,2021-03-10 02:53:12,42.7762,-9.0603,39.0,90,86,4.14,overcast clouds
273,Kerouane,GN,2021-03-10 03:01:18,9.2667,-9.0167,73.98,73,97,4.25,overcast clouds
274,Taguisa,PH,2021-03-10 03:01:19,6.6983,124.0358,82.98,68,100,7.31,overcast clouds
275,San Antonio,US,2021-03-10 03:01:19,29.4241,-98.4936,66.2,68,75,13.8,broken clouds
276,Nome,US,2021-03-10 03:01:19,64.5011,-165.4064,19.4,86,90,13.8,overcast clouds
277,Cotonou,BJ,2021-03-10 02:49:42,6.3654,2.4183,84.2,84,40,14.97,scattered clouds
278,Kondinskoye,RU,2021-03-10 02:52:49,59.6481,67.41,-13.45,90,20,5.12,few clouds
279,Burnie,AU,2021-03-10 03:01:19,-41.0667,145.9167,66.99,61,31,8.01,scattered clouds
280,Comodoro Rivadavia,AR,2021-03-10 02:53:25,-45.8667,-67.5,78.8,34,0,20.71,clear sky
281,Te Anau,NZ,2021-03-10 03:01:20,-45.4167,167.7167,58.03,85,43,5.41,scattered clouds
282,Healdsburg,US,2021-03-10 02:58:46,38.6105,-122.8692,45.0,87,90,11.5,light rain
283,Kpandae,GH,2021-03-10 03:01:20,8.4689,-0.0113,79.57,61,100,7.7,overcast clouds
284,Fort Nelson,CA,2021-03-10 03:01:20,58.8053,-122.7002,19.4,32,20,8.05,few clouds
285,Baykit,RU,2021-03-10 03:01:21,61.67,96.37,12.06,92,100,5.77,overcast clouds
286,Oranjestad,AW,2021-03-10 03:00:12,12.524,-70.027,78.8,78,20,14.97,few clouds
287,Tiznit,MA,2021-03-10 03:01:21,29.5833,-9.5,48.72,79,11,2.8,few clouds
288,Anori,BR,2021-03-10 03:01:21,-3.7728,-61.6442,72.64,98,100,2.64,moderate rain
289,Thinadhoo,MV,2021-03-10 03:01:22,0.5333,72.9333,83.88,64,11,2.73,few clouds
290,Torbay,CA,2021-03-10 03:01:22,47.6666,-52.7314,27.0,86,20,19.57,few clouds
291,Orotukan,RU,2021-03-10 03:01:22,62.2667,151.7,-2.06,81,28,7.18,scattered clouds
292,La Macarena,CO,2021-03-10 03:01:22,2.1837,-73.7849,74.16,91,99,1.25,overcast clouds
293,Mugur-Aksy,RU,2021-03-10 03:01:23,50.35,90.5,17.06,81,0,4.16,clear sky
294,El Dorado,US,2021-03-10 02:55:30,38.7666,-120.5177,37.0,86,100,5.01,overcast clouds
295,Mishelevka,RU,2021-03-10 03:01:23,52.8575,103.1719,25.57,94,1,8.77,clear sky
296,Trairi,BR,2021-03-10 03:01:23,-3.2778,-39.2689,79.03,83,17,7.76,few clouds
297,Juegang,CN,2021-03-10 03:01:23,32.3174,121.1855,55.0,71,0,8.12,clear sky
298,Challans,FR,2021-03-10 03:01:24,46.8436,-1.8749,37.0,93,38,4.61,mist
299,San Angelo,US,2021-03-10 02:56:39,31.4638,-100.437,66.99,63,1,14.97,clear sky
300,Kabanjahe,ID,2021-03-10 03:01:24,3.1001,98.4908,82.4,78,20,8.05,few clouds
301,Santa Cruz,BO,2021-03-10 02:54:53,-17.8,-63.1667,73.4,100,0,4.61,clear sky
302,San Policarpo,PH,2021-03-10 03:01:24,12.1791,125.5072,80.47,79,99,17.05,overcast clouds
303,Bodden Town,KY,2021-03-10 02:57:01,19.2833,-81.25,77.0,78,75,17.27,broken clouds
304,Severo-Kurilsk,RU,2021-03-10 03:01:25,50.6789,156.125,31.64,95,100,18.79,overcast clouds
305,Samarai,PG,2021-03-10 03:01:25,-10.6167,150.6667,84.06,68,91,8.72,overcast clouds
306,Chiang Rai,TH,2021-03-10 03:01:25,19.9167,99.9167,69.8,73,1,3.44,mist
307,Cumberland,US,2021-03-10 03:01:25,35.0502,-78.8664,57.99,43,1,8.05,clear sky
308,Pacific Grove,US,2021-03-10 02:56:35,36.6177,-121.9166,51.01,86,98,13.49,light rain
309,Luderitz,NA,2021-03-10 03:01:26,-26.6481,15.1594,62.31,72,0,5.55,clear sky
310,Svobodnyy,RU,2021-03-10 03:01:26,51.4,128.1333,24.62,94,100,14.23,overcast clouds
311,Nago,JP,2021-03-10 03:01:26,26.5881,127.9761,71.6,60,40,12.66,scattered clouds
312,Husavik,IS,2021-03-10 03:01:27,66.0449,-17.3389,30.2,86,90,14.97,snow
313,Nizhniy Ingash,RU,2021-03-10 03:01:27,56.2,96.53,21.34,93,15,5.08,few clouds
314,Moerai,PF,2021-03-10 03:01:27,-22.4333,-151.3333,81.46,81,100,19.13,light rain
315,Singaraja,ID,2021-03-10 03:01:27,-8.112,115.0882,86.2,59,40,4.79,scattered clouds
316,Kawalu,ID,2021-03-10 02:53:58,-7.3817,108.2082,84.15,60,100,3.2,overcast clouds
317,Vestmannaeyjar,IS,2021-03-10 03:01:28,63.4427,-20.2734,36.3,79,100,19.8,overcast clouds
318,Sunrise Manor,US,2021-03-10 03:01:28,36.2111,-115.0731,60.8,20,20,14.97,few clouds
319,Tuensang,IN,2021-03-10 03:01:28,26.2833,94.8333,71.96,46,20,1.9,few clouds
320,Syamzha,RU,2021-03-10 03:01:28,60.0158,41.0614,-19.57,87,0,4.14,clear sky
321,Bilibino,RU,2021-03-10 03:01:29,68.0546,166.4372,-12.66,84,100,4.21,overcast clouds
322,Lagoa,PT,2021-03-10 03:01:29,39.05,-27.9833,59.74,91,100,23.51,overcast clouds
323,Axim,GH,2021-03-10 03:01:29,4.8699,-2.2405,79.9,86,100,7.18,light rain
324,Fez,MA,2021-03-10 03:01:15,34.0372,-4.9998,41.0,93,0,8.05,clear sky
325,Moree,AU,2021-03-10 03:01:30,-29.4667,149.85,87.8,45,94,6.91,overcast clouds
326,George,ZA,2021-03-10 03:01:30,-33.963,22.4617,71.6,53,20,13.8,few clouds
327,Marovoay,MG,2021-03-10 03:01:30,-16.1,46.6333,73.4,94,20,2.3,few clouds
328,Hobyo,SO,2021-03-10 02:54:17,5.3505,48.5268,77.02,85,9,11.07,clear sky
329,Prince Albert,CA,2021-03-10 02:58:08,53.2001,-105.7677,23.0,80,75,4.61,broken clouds
330,Ketchikan,US,2021-03-10 03:01:31,55.3422,-131.6461,42.8,70,20,8.05,few clouds
331,Shingu,JP,2021-03-10 03:01:31,33.7333,135.9833,60.8,44,20,16.11,few clouds
332,Progreso,MX,2021-03-10 03:01:32,21.2833,-89.6667,75.2,64,1,4.61,clear sky
333,Botou,CN,2021-03-10 03:01:32,38.0667,116.5667,59.54,49,38,12.55,scattered clouds
334,Sistranda,NO,2021-03-10 03:01:32,63.7256,8.834,32.0,64,0,24.16,clear sky
335,Penzance,GB,2021-03-10 03:01:33,50.1186,-5.5371,48.2,87,75,26.46,light rain
336,Faya,SA,2021-03-10 02:54:20,18.3851,42.4509,59.0,88,0,2.3,clear sky
337,Almaznyy,RU,2021-03-10 03:01:33,48.0448,40.045,23.0,80,0,6.71,light snow
338,Quang Ngai,VN,2021-03-10 03:01:34,15.1167,108.8,81.12,66,50,3.04,scattered clouds
339,Les Cayes,HT,2021-03-10 03:01:34,18.2,-73.75,74.62,82,94,6.71,overcast clouds
340,Mahanoro,MG,2021-03-10 03:01:34,-19.9,48.8,73.72,88,15,6.58,few clouds
341,Madimba,TZ,2021-03-10 03:01:35,-10.4,40.3333,79.0,86,96,8.95,overcast clouds
342,Teknaf,BD,2021-03-10 02:53:09,20.8624,92.3058,81.16,49,0,2.95,clear sky
343,Bandarbeyla,SO,2021-03-10 02:54:51,9.4942,50.8122,75.83,77,26,6.78,scattered clouds
344,Aklavik,CA,2021-03-10 02:54:54,68.2191,-135.0107,8.6,72,50,4.61,scattered clouds
345,Dutse,NG,2021-03-10 03:01:35,11.7594,9.3392,68.34,22,0,4.65,clear sky
346,Moose Factory,CA,2021-03-10 03:01:35,51.2585,-80.6094,35.6,80,90,3.44,light snow
347,San Cristobal,VE,2021-03-10 03:01:35,7.7669,-72.225,78.8,69,75,3.44,broken clouds
348,Santa Maria,BR,2021-03-10 02:52:56,-29.6842,-53.8069,66.2,88,0,4.61,clear sky
349,Ancud,CL,2021-03-10 03:01:36,-41.8697,-73.8203,61.0,100,90,19.57,light rain
350,Lethem,GY,2021-03-10 02:53:09,3.3803,-59.7968,79.45,64,15,11.65,few clouds
351,Kuzino,RU,2021-03-10 03:01:36,57.0224,59.4412,2.25,93,99,3.83,overcast clouds
352,Yenagoa,NG,2021-03-10 03:01:36,4.9247,6.2642,77.56,91,100,3.74,overcast clouds
353,Walvis Bay,NA,2021-03-10 03:01:37,-22.9575,14.5053,53.6,87,0,5.75,clear sky
354,Olavarria,AR,2021-03-10 03:01:37,-36.8927,-60.3225,62.01,69,0,5.01,clear sky
355,Morgan City,US,2021-03-10 03:01:37,29.6994,-91.2068,64.4,82,1,10.36,clear sky
356,Saskylakh,RU,2021-03-10 03:01:37,71.9167,114.0833,-23.67,83,88,14.32,overcast clouds
357,Necocli,CO,2021-03-10 03:01:38,8.4234,-76.786,77.97,87,100,6.62,overcast clouds
358,Diego De Almagro,CL,2021-03-10 03:01:38,-26.3667,-70.05,57.56,80,0,0.51,clear sky
359,Mehamn,NO,2021-03-10 03:01:38,71.0357,27.8492,13.89,91,85,11.99,overcast clouds
360,Nakamura,JP,2021-03-10 03:01:38,32.9833,132.9333,64.24,47,0,3.27,clear sky
361,Snasa,NO,2021-03-10 03:01:39,64.2457,12.3778,10.81,89,40,9.98,scattered clouds
362,Niquero,CU,2021-03-10 03:01:39,20.0431,-77.5828,73.31,73,22,20.42,few clouds
363,Ustye,RU,2021-03-10 03:01:39,59.6304,39.736,-15.74,88,0,4.88,clear sky
364,Whitehorse,CA,2021-03-10 02:59:07,60.7161,-135.0538,19.4,42,75,2.3,broken clouds
365,Juneau,US,2021-03-10 02:53:53,58.3019,-134.4197,35.6,41,40,4.61,scattered clouds
366,Beian,NO,2021-03-10 03:01:40,63.6559,9.5683,32.0,64,0,24.16,clear sky
367,Roald,NO,2021-03-10 02:54:48,62.5833,6.1333,39.2,56,0,12.66,clear sky
368,Mount Pleasant,US,2021-03-10 03:01:40,32.7941,-79.8626,52.0,81,20,6.49,few clouds
369,Haines Junction,CA,2021-03-10 02:59:12,60.7522,-137.5108,15.8,48,50,2.8,scattered clouds
370,Fairbanks,US,2021-03-10 02:58:07,64.8378,-147.7164,28.4,63,90,1.48,overcast clouds
371,Kurumkan,RU,2021-03-10 03:01:40,54.3,110.3,22.35,88,10,3.89,clear sky
372,Dobsina,SK,2021-03-10 03:01:41,48.8207,20.3699,21.2,79,20,1.14,few clouds
373,Kavieng,PG,2021-03-10 03:01:41,-2.5744,150.7967,84.65,67,94,11.63,overcast clouds
374,Nuuk,GL,2021-03-10 03:01:41,64.1835,-51.7216,21.2,93,90,5.75,light snow
375,Keningau,MY,2021-03-10 03:01:42,5.3378,116.1602,84.2,79,20,4.61,few clouds
376,Amurzet,RU,2021-03-10 03:01:42,47.6967,131.0981,30.54,91,53,7.09,broken clouds
377,Forio,IT,2021-03-10 03:01:42,40.7342,13.8646,51.01,84,100,5.99,overcast clouds
378,Alihe,CN,2021-03-10 03:01:42,50.5667,123.7167,28.63,81,100,5.75,overcast clouds
379,Kropotkin,RU,2021-03-10 02:54:59,45.4375,40.5756,32.0,86,71,3.4,broken clouds
380,Biloxi,US,2021-03-10 02:57:27,30.396,-88.8853,62.6,77,1,13.8,clear sky
381,Revda,RU,2021-03-10 03:01:43,56.801,59.9303,3.2,85,40,3.91,light snow
382,Naro Moru,KE,2021-03-10 03:01:43,-0.1676,37.0213,50.18,59,32,2.64,scattered clouds
383,Svetlogorsk,BY,2021-03-10 03:01:43,52.6333,29.7333,14.85,93,4,4.07,clear sky
384,Shimanovsk,RU,2021-03-10 03:01:44,52.0,127.7,25.43,92,100,12.44,overcast clouds
385,La Moncada,MX,2021-03-10 03:01:44,20.2667,-100.8,61.54,33,0,6.51,clear sky
386,Inuvik,CA,2021-03-10 03:01:44,68.3499,-133.7218,8.6,72,39,4.61,scattered clouds
387,Beira,MZ,2021-03-10 02:54:16,-19.8436,34.8389,73.4,94,40,5.75,scattered clouds
388,Vila,PT,2021-03-10 03:01:44,42.0304,-8.1588,36.0,90,67,1.01,broken clouds
389,Mazyr,BY,2021-03-10 03:01:45,52.0495,29.2456,18.12,95,1,2.51,clear sky
390,Bathsheba,BB,2021-03-10 03:01:45,13.2167,-59.5167,78.8,61,40,25.32,scattered clouds
391,Tessalit,ML,2021-03-10 03:01:45,20.1986,1.0114,76.98,15,64,6.11,broken clouds
392,Portland,US,2021-03-10 02:51:10,45.5234,-122.6762,46.99,73,97,4.0,overcast clouds
393,Sitka,US,2021-03-10 03:01:46,57.0531,-135.33,39.2,52,75,11.5,broken clouds
394,Prieska,ZA,2021-03-10 03:01:46,-29.6641,22.7474,60.84,49,38,6.33,scattered clouds
395,Mana,GF,2021-03-10 03:01:46,5.6592,-53.7767,76.42,88,94,8.55,overcast clouds
396,Kathmandu,NP,2021-03-10 02:57:51,27.7167,85.3167,60.8,77,20,1.83,mist
397,Saint-Augustin,CA,2021-03-10 03:01:46,51.226,-58.6502,19.87,95,65,9.64,broken clouds
398,Kaeo,NZ,2021-03-10 03:01:47,-35.1,173.7833,72.0,66,100,13.0,overcast clouds
399,Aketi,CD,2021-03-10 03:01:47,2.7388,23.7833,70.43,86,100,1.5,overcast clouds
400,Crestview,US,2021-03-10 03:01:47,30.7621,-86.5705,55.4,67,1,2.3,clear sky
401,Mount Gambier,AU,2021-03-10 03:01:47,-37.8333,140.7667,68.0,52,90,8.05,overcast clouds
402,Kisangani,CD,2021-03-10 02:55:07,0.5167,25.2,68.45,97,100,2.66,light rain
403,Talcahuano,CL,2021-03-10 03:01:48,-36.7167,-73.1167,60.8,88,90,4.61,overcast clouds
404,Tarata,BO,2021-03-10 03:01:48,-17.6167,-66.0167,57.2,51,20,3.44,few clouds
405,Tayu,ID,2021-03-10 02:55:26,-6.5397,111.0518,83.68,70,95,12.08,moderate rain
406,Sidmouth,GB,2021-03-10 03:01:48,50.6909,-3.2397,46.4,76,40,16.11,scattered clouds
407,Iskateley,RU,2021-03-10 02:54:12,67.6803,53.1512,3.29,94,100,8.86,light snow
408,Kautokeino,NO,2021-03-10 02:54:54,69.0125,23.0412,2.86,93,100,12.1,overcast clouds
409,Esperance,AU,2021-03-10 03:01:49,-33.8667,121.9,77.0,50,99,14.97,light rain
410,Dorado,PR,2021-03-10 03:01:49,18.4588,-66.2677,75.0,89,18,3.0,few clouds
411,Lao Cai,VN,2021-03-10 03:01:49,22.4833,103.95,78.75,63,67,3.44,broken clouds
412,Inhambane,MZ,2021-03-10 02:51:02,-23.865,35.3833,73.08,83,4,8.93,clear sky
413,Oistins,BB,2021-03-10 02:59:11,13.0667,-59.5333,78.8,61,40,25.32,scattered clouds
414,Pisco,PE,2021-03-10 02:53:07,-13.7,-76.2167,75.2,73,0,5.75,clear sky
415,Aloleng,PH,2021-03-10 03:01:50,16.1307,119.7824,85.91,53,4,8.59,clear sky
416,Champerico,GT,2021-03-10 02:53:40,14.3,-91.9167,69.01,84,100,1.01,overcast clouds
417,Filingue,NE,2021-03-10 03:01:50,14.3521,3.3168,79.14,16,81,5.23,broken clouds
418,Hellin,ES,2021-03-10 03:01:50,38.5106,-1.701,39.2,100,0,3.15,clear sky
419,Shangzhi,CN,2021-03-10 03:01:51,45.2167,127.9667,29.57,93,11,3.96,few clouds
420,Zwedru,LR,2021-03-10 03:01:51,6.0667,-8.1281,73.09,98,98,3.11,overcast clouds
421,La Paz,BO,2021-03-10 02:58:35,-16.5,-68.15,41.0,87,20,8.05,few clouds
422,Wanaka,NZ,2021-03-10 03:01:52,-44.7,169.15,55.87,77,99,6.87,overcast clouds
423,Barghat,IN,2021-03-10 03:01:52,22.0333,79.7167,83.05,17,0,4.9,clear sky
424,La Palma,US,2021-03-10 03:01:53,33.8464,-118.0467,57.2,62,75,6.91,broken clouds
425,Antalaha,MG,2021-03-10 03:01:53,-14.9003,50.2788,74.3,90,99,4.81,overcast clouds
426,Ahipara,NZ,2021-03-10 02:54:35,-35.1667,173.1667,69.04,69,99,13.85,overcast clouds
427,Broome,US,2021-03-10 02:53:13,42.2506,-75.833,37.4,65,1,1.36,clear sky
428,Port Lincoln,AU,2021-03-10 02:54:44,-34.7333,135.8667,67.48,70,100,9.06,overcast clouds
429,Bonavista,CA,2021-03-10 03:01:54,48.6499,-53.1147,27.0,74,81,8.05,broken clouds
430,Oriximina,BR,2021-03-10 03:01:54,-1.7656,-55.8661,73.15,95,100,2.37,overcast clouds
431,Luwuk,ID,2021-03-10 03:01:54,-0.9516,122.7875,86.34,58,100,1.88,overcast clouds
432,Kvitok,RU,2021-03-10 03:01:54,56.0724,98.4813,21.96,93,57,4.59,broken clouds
433,Adrar,MR,2021-03-10 02:53:35,20.5022,-10.0711,58.17,41,78,13.02,broken clouds
434,Auki,SB,2021-03-10 03:01:55,-8.7676,160.7034,83.01,76,100,2.44,overcast clouds
435,Gigmoto,PH,2021-03-10 03:01:55,13.7796,124.39,82.96,66,40,14.88,scattered clouds
436,Natchez,US,2021-03-10 03:01:55,31.5604,-91.4032,64.4,68,1,18.41,clear sky
437,Tkibuli,GE,2021-03-10 03:01:56,42.3477,42.9981,37.4,93,40,6.91,scattered clouds
438,Guane,CU,2021-03-10 03:01:48,22.2025,-84.0875,67.64,65,6,13.24,clear sky
439,Oranjemund,NA,2021-03-10 02:55:12,-28.55,16.4333,61.75,78,0,2.91,clear sky
440,Lipari,IT,2021-03-10 03:01:56,38.4674,14.954,55.0,74,91,3.0,overcast clouds
441,Letlhakane,BW,2021-03-10 03:01:56,-21.4167,25.5833,74.19,41,72,4.18,broken clouds
442,El Tarra,CO,2021-03-10 03:01:56,8.5756,-73.0949,73.65,80,82,1.14,broken clouds
443,Yumen,CN,2021-03-10 03:01:57,40.2833,97.2,43.97,52,62,8.9,broken clouds
444,Hervey Bay,AU,2021-03-10 02:54:32,-25.2986,152.8535,88.0,51,40,11.5,scattered clouds
445,Prabumulih,ID,2021-03-10 03:01:57,-3.45,104.25,81.72,78,87,4.94,overcast clouds
446,Brownwood,US,2021-03-10 03:01:57,31.7093,-98.9912,66.2,63,90,11.5,overcast clouds
447,Matara,LK,2021-03-10 02:53:10,5.9485,80.5353,82.2,68,92,3.78,overcast clouds
448,Quatre Cocos,MU,2021-03-10 03:01:58,-20.2078,57.7625,77.0,88,75,10.36,broken clouds
449,Pa Sang,TH,2021-03-10 03:01:58,18.5262,98.9394,84.99,53,0,2.3,haze
450,Maine-Soroa,NE,2021-03-10 03:01:58,13.2114,12.0241,75.76,15,0,10.2,clear sky
451,Sobolevo,RU,2021-03-10 03:01:58,54.4299,31.8996,13.24,95,100,5.88,light snow
452,Lahad Datu,MY,2021-03-10 03:01:59,5.0268,118.327,86.31,61,93,2.13,overcast clouds
453,Weligama,LK,2021-03-10 02:57:14,5.9667,80.4167,81.55,70,94,2.42,overcast clouds
454,Qasigiannguit,GL,2021-03-10 03:01:59,68.8193,-51.1922,17.6,73,90,3.89,overcast clouds
455,Weatherford,US,2021-03-10 03:01:54,32.7593,-97.7972,68.0,73,100,7.0,overcast clouds
456,Rafsanjan,IR,2021-03-10 03:01:59,30.4067,55.9939,56.62,35,0,14.81,clear sky
457,Zambezi,ZM,2021-03-10 03:02:00,-13.5432,23.1047,65.86,91,100,1.12,light rain
458,Bognor Regis,GB,2021-03-10 03:00:13,50.7821,-0.6798,46.0,89,100,5.01,overcast clouds
459,Pasni,PK,2021-03-10 02:59:14,25.2631,63.471,70.23,72,0,3.69,clear sky
460,Cepari,RO,2021-03-10 03:02:00,44.7979,24.6766,31.41,99,100,12.26,snow
461,Khorramshahr,IR,2021-03-10 03:02:00,30.4397,48.1664,59.0,67,0,4.61,clear sky
462,Duku,NG,2021-03-10 03:02:01,11.2361,4.9073,80.73,17,35,7.07,scattered clouds
463,Biltine,TD,2021-03-10 03:02:01,14.5333,20.9167,75.51,15,0,13.56,clear sky
464,Zhigansk,RU,2021-03-10 03:02:01,66.7697,123.3711,9.86,95,100,22.75,light snow
465,Westport,US,2021-03-10 03:01:49,41.1415,-73.3579,46.4,42,1,3.44,clear sky
466,Meadow Lake,US,2021-03-10 03:02:01,34.8014,-106.5436,50.0,40,75,9.22,broken clouds
467,Aldama,MX,2021-03-10 03:02:02,22.9167,-98.0667,70.0,92,26,1.99,scattered clouds
468,Irituia,BR,2021-03-10 03:02:02,-1.7711,-47.4381,72.99,98,100,1.79,moderate rain
469,Bayanday,RU,2021-03-10 02:53:05,53.0661,105.5139,21.99,92,11,1.21,few clouds
470,Renqiu,CN,2021-03-10 03:02:02,38.6989,116.0936,59.07,51,52,10.49,broken clouds
471,Kangaba,ML,2021-03-10 03:02:03,11.9333,-8.4167,77.14,19,15,4.56,few clouds
472,Riyadh,SA,2021-03-10 03:01:53,24.6877,46.7219,66.2,30,0,6.91,clear sky
473,Turbat,PK,2021-03-10 02:53:46,26.0023,63.044,67.95,63,0,1.14,clear sky
474,Marsh Harbour,BS,2021-03-10 02:54:26,26.5412,-77.0636,68.56,65,61,22.75,broken clouds
475,Bereda,ES,2021-03-10 03:02:03,43.2686,-7.5406,37.99,100,100,1.01,overcast clouds
476,Port Keats,AU,2021-03-10 03:02:03,-14.25,129.55,86.58,64,89,6.38,overcast clouds
477,Qiryat Yam,IL,2021-03-10 03:02:04,32.8508,35.0703,63.0,66,93,1.99,overcast clouds
478,Coracao De Jesus,BR,2021-03-10 03:02:04,-16.6853,-44.365,73.4,83,0,3.44,clear sky
479,Guilin,CN,2021-03-10 02:55:20,25.2819,110.2864,50.0,100,75,2.24,light rain
480,Camocim,BR,2021-03-10 03:02:04,-2.9022,-40.8411,76.48,89,100,6.78,overcast clouds
481,Zlobin,HR,2021-03-10 03:02:04,45.2924,14.6541,42.8,42,0,16.11,clear sky
482,Guerrero Negro,MX,2021-03-10 02:49:28,27.9769,-114.0611,58.44,69,64,18.03,broken clouds
483,Rio Gallegos,AR,2021-03-10 02:54:56,-51.6226,-69.2181,66.2,42,0,18.41,clear sky
484,Uyo,NG,2021-03-10 03:02:05,5.0333,7.9266,77.9,90,44,2.48,scattered clouds
485,Russell,US,2021-03-10 02:55:08,32.3502,-85.1999,57.2,54,1,4.03,clear sky
486,Sumbe,AO,2021-03-10 03:02:05,-11.2061,13.8437,77.95,85,49,1.21,scattered clouds
487,Harper,LR,2021-03-10 03:02:05,4.375,-7.7169,79.11,87,51,8.77,light rain
488,Gairo,IT,2021-03-10 03:02:06,39.8497,9.5047,50.0,57,40,9.22,scattered clouds
489,Suntar,RU,2021-03-10 02:54:43,62.1444,117.6319,11.28,90,100,16.91,overcast clouds
490,Chumikan,RU,2021-03-10 03:02:06,54.7183,135.315,20.35,91,13,18.48,few clouds
491,Pascagoula,US,2021-03-10 03:02:06,30.3658,-88.5561,60.8,77,1,8.05,clear sky
492,Mabaruma,GY,2021-03-10 03:02:06,8.2,-59.7833,71.15,91,99,2.66,overcast clouds
493,Maumere,ID,2021-03-10 03:02:07,-8.6199,122.2111,79.88,80,98,7.07,overcast clouds
494,Ouallam,NE,2021-03-10 03:02:07,14.3188,2.0866,75.34,19,13,1.25,few clouds
495,Sabzevar,IR,2021-03-10 03:02:07,36.2126,57.6819,47.52,54,55,6.44,broken clouds
496,Olafsvik,IS,2021-03-10 02:57:15,64.8945,-23.7142,34.09,88,100,37.36,overcast clouds
497,Vesyegonsk,RU,2021-03-10 03:02:08,58.664,37.2604,-16.92,88,10,4.27,clear sky
498,Pathein,MM,2021-03-10 03:02:08,16.7833,94.7333,89.58,36,78,9.84,broken clouds
499,Vanavara,RU,2021-03-10 03:02:08,60.34,102.2797,12.52,94,100,11.23,overcast clouds
500,Kralendijk,BQ,2021-03-10 03:01:03,12.15,-68.2667,78.8,73,20,11.5,few clouds
501,Tortoli,IT,2021-03-10 03:02:08,39.9256,9.6572,50.0,57,40,9.22,scattered clouds
502,Paamiut,GL,2021-03-10 03:02:09,61.994,-49.6678,20.46,85,100,3.18,overcast clouds
503,Posse,BR,2021-03-10 03:02:09,-14.0931,-46.3694,68.14,93,99,1.45,overcast clouds
504,Nizwa,OM,2021-03-10 03:02:09,22.9333,57.5333,68.02,27,0,1.43,clear sky
505,Meulaboh,ID,2021-03-10 03:02:09,4.1363,96.1285,82.6,64,1,3.31,clear sky
506,Victoria,HK,2021-03-10 03:02:10,22.2855,114.1577,70.0,77,70,1.01,broken clouds
507,Nueva Italia,PY,2021-03-10 03:02:10,-25.6167,-57.5,75.2,73,0,6.91,clear sky
508,Port Moresby,PG,2021-03-10 02:55:20,-9.4431,147.1797,87.8,66,40,11.5,scattered clouds
509,Umm Lajj,SA,2021-03-10 02:54:50,25.0213,37.2685,76.14,49,1,2.19,clear sky
510,Appleton,US,2021-03-10 03:00:51,44.2619,-88.4154,53.01,43,90,11.5,overcast clouds
511,Coihaique,CL,2021-03-10 03:02:10,-45.5752,-72.0662,52.02,85,75,5.59,moderate rain
512,Iralaya,HN,2021-03-10 03:02:11,15.0,-83.2333,77.04,85,100,15.03,overcast clouds
513,Willmar,US,2021-03-10 03:02:11,45.1219,-95.0433,52.0,76,1,12.66,clear sky
514,Porto Santo,PT,2021-03-10 03:02:12,33.072,-16.3415,59.0,67,40,12.66,scattered clouds
515,Broken Hill,AU,2021-03-10 02:54:00,-31.95,141.4333,82.4,20,54,14.97,broken clouds
516,Zaozerne,UA,2021-03-10 03:02:12,45.1582,33.2787,34.0,37,100,1.99,overcast clouds
517,Richards Bay,ZA,2021-03-10 02:58:22,-28.783,32.0377,77.72,68,31,6.69,scattered clouds
518,Klyuchi,RU,2021-03-10 03:02:13,52.2667,79.1667,13.42,96,74,8.19,broken clouds
519,Coquimbo,CL,2021-03-10 03:02:13,-29.9533,-71.3436,62.6,88,75,5.75,broken clouds
520,Abha,SA,2021-03-10 03:02:14,18.2164,42.5053,59.0,88,0,2.08,clear sky
521,Lavrentiya,RU,2021-03-10 02:53:25,65.5833,-171.0,-11.42,84,9,9.64,clear sky
522,Lichinga,MZ,2021-03-10 03:02:14,-13.3128,35.2406,62.6,94,75,4.61,broken clouds
523,Letterkenny,IE,2021-03-10 03:02:14,54.95,-7.7333,39.04,80,100,7.85,overcast clouds
524,Ampanihy,MG,2021-03-10 03:02:15,-24.7,44.75,69.49,85,0,4.16,clear sky
525,Terrace,CA,2021-03-10 03:02:15,54.5163,-128.6035,41.0,45,20,11.5,few clouds
526,Vila Real De Santo Antonio,PT,2021-03-10 03:02:15,37.195,-7.4177,53.6,58,0,9.22,clear sky
527,Port Shepstone,ZA,2021-03-10 03:02:15,-30.7414,30.455,71.6,54,33,5.53,scattered clouds
528,Santa Marta,CO,2021-03-10 02:59:29,11.2408,-74.199,84.2,54,75,13.8,broken clouds
529,Matagami,CA,2021-03-10 03:01:06,49.7502,-77.6328,39.2,52,90,6.91,overcast clouds
530,Nacala,MZ,2021-03-10 03:02:16,-14.5428,40.6728,76.24,89,100,1.21,overcast clouds
531,Balotra,IN,2021-03-10 02:58:19,25.8333,72.2333,75.65,30,0,3.62,clear sky
532,Ureki,GE,2021-03-10 03:02:16,41.9956,41.7786,41.0,70,20,17.27,few clouds
533,Saravena,CO,2021-03-10 03:02:16,6.9538,-71.8752,73.58,77,22,3.85,few clouds
534,Anchorage,US,2021-03-10 02:59:22,61.2181,-149.9003,33.01,64,90,5.75,overcast clouds
535,Coahuayana,MX,2021-03-10 03:02:17,18.7333,-103.6833,69.84,87,20,1.41,few clouds
536,Andijon,UZ,2021-03-10 02:59:02,40.7821,72.3442,44.6,76,90,6.71,light rain
537,Lasa,IT,2021-03-10 03:02:17,46.6166,10.7002,30.99,68,20,5.75,few clouds
538,Belmonte,BR,2021-03-10 02:54:32,-15.8631,-38.8828,75.2,78,0,4.61,clear sky
539,Wawa,NG,2021-03-10 03:01:11,9.9022,4.4192,77.99,62,5,2.48,clear sky
540,Staroye Drozhzhanoye,RU,2021-03-10 03:02:17,54.7266,47.5677,2.25,93,100,11.83,overcast clouds
541,Tatawin,TN,2021-03-10 03:01:24,32.9297,10.4518,53.6,76,0,2.3,clear sky
542,Tezu,IN,2021-03-10 03:02:18,27.9167,96.1667,77.52,32,46,2.44,scattered clouds
543,Cayenne,GF,2021-03-10 02:53:38,4.9333,-52.3333,80.01,83,0,5.75,clear sky
544,Nikel,RU,2021-03-10 03:02:18,69.4128,30.222,-2.2,84,90,4.61,overcast clouds
545,Ulladulla,AU,2021-03-10 03:02:18,-35.35,150.4667,73.4,60,75,9.22,broken clouds
546,Varzea Da Palma,BR,2021-03-10 03:02:18,-17.5981,-44.7308,69.85,92,100,3.0,overcast clouds
547,Viedma,AR,2021-03-10 03:02:19,-40.8135,-62.9967,73.45,36,99,18.14,overcast clouds
548,Millinocket,US,2021-03-10 03:02:19,45.6573,-68.7098,30.2,69,90,6.91,overcast clouds
549,Srivardhan,IN,2021-03-10 03:01:13,18.0333,73.0167,79.75,53,0,4.74,clear sky
550,Byron Bay,AU,2021-03-10 03:02:19,-28.65,153.6167,79.0,83,90,9.22,overcast clouds
551,Escarcega,MX,2021-03-10 03:01:18,18.6089,-90.7454,70.29,81,83,2.51,broken clouds
552,Srednekolymsk,RU,2021-03-10 03:02:20,67.45,153.6833,-2.0,85,55,9.93,broken clouds
553,Villarrica,PY,2021-03-10 02:53:34,-25.75,-56.4333,68.83,60,0,4.79,clear sky
554,Aasiaat,GL,2021-03-10 03:02:20,68.7098,-52.8699,7.57,92,78,6.49,broken clouds
555,Yerbogachen,RU,2021-03-10 02:54:31,61.2767,108.0108,8.91,91,100,14.92,overcast clouds
556,Den Helder,NL,2021-03-10 02:51:09,52.9599,4.7593,37.99,87,90,9.22,overcast clouds
557,Lakes Entrance,AU,2021-03-10 03:02:20,-37.8811,147.981,65.32,60,1,8.01,clear sky
558,Chernyshevskiy,RU,2021-03-10 03:02:21,63.0128,112.4714,2.79,91,100,17.94,overcast clouds
559,Saurimo,AO,2021-03-10 03:02:21,-9.6608,20.3916,63.52,94,98,1.59,overcast clouds
560,Ubauro,PK,2021-03-10 02:59:30,28.1652,69.7289,76.96,18,0,2.51,clear sky
561,Smidovich,RU,2021-03-10 03:02:21,48.6,133.8167,23.27,94,38,6.91,scattered clouds
562,San Patricio,US,2021-03-10 03:02:21,28.017,-97.5169,69.8,88,75,21.85,broken clouds
563,Cockburn Town,TC,2021-03-10 03:02:22,21.4612,-71.1419,75.43,80,91,30.33,overcast clouds
564,Natchitoches,US,2021-03-10 03:00:21,31.7668,-93.1335,64.4,63,1,6.91,clear sky
565,Bouca,CF,2021-03-10 03:02:22,6.5105,18.2733,74.61,57,45,1.92,scattered clouds
566,Zaysan,KZ,2021-03-10 03:02:22,47.4667,84.8667,27.21,94,8,1.25,clear sky
567,Nishihara,JP,2021-03-10 03:02:23,26.1842,127.7558,73.4,46,40,11.5,scattered clouds
568,Smithers,CA,2021-03-10 03:02:23,54.7804,-127.1743,33.8,60,20,8.05,few clouds
569,Caconda,AO,2021-03-10 03:02:23,-13.7333,15.0667,59.65,83,18,1.23,few clouds
570,Fort Morgan,US,2021-03-10 03:02:23,40.2503,-103.8,48.2,34,1,16.11,clear sky
571,Kayerkan,RU,2021-03-10 03:02:24,69.3497,87.7602,-19.52,86,100,10.25,overcast clouds
572,Mbanza-Ngungu,CD,2021-03-10 03:02:24,-5.25,14.8667,67.62,100,67,1.74,broken clouds
573,Jalingo,NG,2021-03-10 03:02:24,8.8833,11.3667,76.42,18,0,3.62,clear sky
574,Bendigo,AU,2021-03-10 03:02:25,-36.7667,144.2833,82.0,35,13,1.01,few clouds
575,Belaya Gora,RU,2021-03-10 03:02:25,68.5333,146.4167,-4.94,86,63,9.95,broken clouds
576,Cheb,CZ,2021-03-10 03:02:25,50.0796,12.3739,32.0,94,100,1.01,light snow
577,Camacha,PT,2021-03-10 03:02:25,33.0833,-16.3333,59.0,67,40,12.66,scattered clouds
578,Touros,BR,2021-03-10 02:53:51,-5.1989,-35.4608,78.8,83,40,6.91,scattered clouds
579,Sao Joao Da Barra,BR,2021-03-10 02:57:56,-21.6403,-41.0511,74.66,88,100,5.17,overcast clouds
580,Lulea,SE,2021-03-10 03:02:26,65.5842,22.1547,-5.8,84,19,2.3,few clouds
581,Mackay,AU,2021-03-10 03:02:26,-21.15,149.2,88.0,65,40,6.91,scattered clouds
582,Sehithwa,BW,2021-03-10 03:02:26,-20.4667,22.7167,70.45,56,38,2.75,scattered clouds
583,Abu Zabad,SD,2021-03-10 03:02:26,12.35,29.25,71.33,21,0,8.86,clear sky
584,Ivanjica,RS,2021-03-10 03:02:27,43.5803,20.2311,33.8,100,90,3.44,snow
585,Turukhansk,RU,2021-03-10 03:02:27,65.8167,87.9833,-22.36,86,100,4.25,overcast clouds
586,Ferme-Neuve,CA,2021-03-10 03:02:27,46.7001,-75.4493,26.6,74,62,1.14,broken clouds
587,Suhbaatar,MN,2021-03-10 03:01:10,50.2314,106.2078,30.78,90,0,4.5,clear sky
588,Mapiri,BO,2021-03-10 03:02:27,-15.25,-68.1667,67.32,80,25,1.32,scattered clouds
589,Fredericton,CA,2021-03-10 03:00:09,45.9454,-66.6656,27.0,93,40,5.75,scattered clouds
590,Vengerovo,RU,2021-03-10 03:02:28,55.6848,76.7471,10.29,95,100,7.09,overcast clouds
591,Kano,NG,2021-03-10 03:00:06,12.0001,8.5167,68.0,28,0,3.44,clear sky
592,Bela,IN,2021-03-10 03:02:28,25.9333,81.9833,80.65,21,0,4.7,clear sky
593,Yakima,US,2021-03-10 03:02:28,46.4665,-120.6678,48.0,60,1,5.75,clear sky
594,Novo Aripuana,BR,2021-03-10 03:02:29,-5.1206,-60.3797,71.02,98,100,1.97,moderate rain
595,Puerto Carreno,CO,2021-03-10 02:58:25,6.189,-67.4859,82.22,52,100,6.44,overcast clouds
596,Magdagachi,RU,2021-03-10 03:02:29,53.45,125.8,24.48,94,100,6.73,overcast clouds
597,Asau,RO,2021-03-10 03:02:29,46.4333,26.4,32.0,52,100,1.88,overcast clouds
598,Ponta Do Sol,PT,2021-03-10 03:02:30,32.6667,-17.1,55.99,57,3,5.99,clear sky
599,Toba,JP,2021-03-10 03:02:30,34.4833,136.85,59.0,44,20,17.27,few clouds
600,Tres Arroyos,AR,2021-03-10 03:02:30,-38.3739,-60.2798,58.68,49,0,13.06,clear sky
601,Key West,US,2021-03-10 03:01:11,24.5557,-81.7826,69.8,64,90,10.36,overcast clouds
602,Alofi,NU,2021-03-10 03:02:31,-19.0595,-169.9187,80.6,69,75,14.97,broken clouds
603,Pemba,MZ,2021-03-10 03:02:31,-12.974,40.5178,77.0,50,75,10.36,light rain
604,Bouna,CI,2021-03-10 03:02:31,9.2667,-3.0,76.96,77,100,6.13,overcast clouds
605,Pilar,BR,2021-03-10 03:01:26,-9.5972,-35.9567,75.2,94,20,2.3,few clouds
606,Vredendal,ZA,2021-03-10 03:02:32,-31.6683,18.5012,66.15,69,100,10.13,overcast clouds
607,Ekibastuz,KZ,2021-03-10 03:02:32,51.6667,75.3667,16.68,93,100,14.09,overcast clouds
608,Castro-Urdiales,ES,2021-03-10 03:02:33,43.3829,-3.2204,37.99,100,23,2.3,few clouds
609,Kangaatsiaq,GL,2021-03-10 03:02:33,68.3065,-53.4641,10.18,93,62,11.01,broken clouds
610,Wasilla,US,2021-03-10 03:02:34,61.5814,-149.4394,37.0,75,90,3.44,light rain
611,Sioux Lookout,CA,2021-03-10 02:54:28,50.1001,-91.917,48.2,53,90,8.05,overcast clouds
612,Ishigaki,JP,2021-03-10 03:02:34,24.3448,124.1572,69.8,78,75,17.27,broken clouds
613,Ariquemes,BR,2021-03-10 03:02:01,-9.9133,-63.0408,71.31,95,100,1.23,light rain
614,Yar-Sale,RU,2021-03-10 03:02:34,66.8333,70.8333,-23.1,85,86,7.49,overcast clouds
615,Shar,KZ,2021-03-10 03:02:34,49.5886,81.0453,27.25,96,27,11.27,scattered clouds
616,Necochea,AR,2021-03-10 03:02:35,-38.5473,-58.7368,57.99,86,1,8.01,clear sky
617,Turtas,RU,2021-03-10 03:02:35,58.9417,69.1325,-6.14,92,69,3.58,broken clouds
618,Kholodnyy,RU,2021-03-10 03:02:35,62.7167,147.95,-11.65,81,61,2.86,broken clouds
619,Costa Rica,BR,2021-03-10 02:57:51,-23.4167,-54.65,67.39,67,0,2.64,clear sky
620,Liberal,US,2021-03-10 03:00:31,37.0431,-100.921,64.4,48,1,18.41,clear sky
621,Ewa Beach,US,2021-03-10 03:02:36,21.3156,-158.0072,75.2,88,90,10.36,moderate rain
622,Boyuibe,BO,2021-03-10 03:02:36,-20.4167,-63.2833,69.91,52,3,3.06,clear sky
623,Basoko,CD,2021-03-10 03:02:36,1.2391,23.616,70.41,88,100,3.53,overcast clouds
624,Venado Tuerto,AR,2021-03-10 03:02:37,-33.7456,-61.9688,66.0,85,0,5.01,clear sky
625,Kathu,TH,2021-03-10 03:02:37,7.9178,98.3332,84.2,61,0,9.22,clear sky
626,Sisimiut,GL,2021-03-10 02:53:53,66.9395,-53.6735,18.7,95,100,12.3,light snow
627,Kirn,DE,2021-03-10 03:02:37,49.7833,7.45,39.99,86,88,3.76,overcast clouds
628,La Ronge,CA,2021-03-10 03:02:37,55.1001,-105.2842,28.4,50,99,5.75,overcast clouds
629,Leh,IN,2021-03-10 03:02:38,34.1667,77.5833,14.7,73,40,1.72,scattered clouds
630,Senador Jose Porfirio,BR,2021-03-10 03:02:38,-2.5908,-51.9542,73.54,96,100,3.42,moderate rain
631,Ostersund,SE,2021-03-10 03:02:38,63.1792,14.6357,12.2,85,56,13.8,broken clouds
632,Varnavino,RU,2021-03-10 03:02:38,57.4035,45.0916,-9.85,90,98,8.25,overcast clouds
633,Gamba,GA,2021-03-10 03:02:39,-2.65,10.0,79.03,88,94,10.71,moderate rain
634,Ayame,CI,2021-03-10 03:02:39,5.6083,-3.1563,75.16,96,95,1.7,light rain
635,Tomatlan,MX,2021-03-10 03:02:39,19.9333,-105.25,66.69,94,6,0.4,clear sky
636,Virginia Beach,US,2021-03-10 02:52:53,36.8529,-75.978,55.4,44,75,8.19,broken clouds
637,Mbale,UG,2021-03-10 03:02:40,1.0821,34.175,66.16,62,79,3.33,broken clouds
638,Boralday,KZ,2021-03-10 03:02:40,43.3578,76.8594,41.0,75,90,6.71,mist
639,Slave Lake,CA,2021-03-10 03:00:04,55.2834,-114.769,26.6,100,90,8.05,snow
640,Sinjar,IQ,2021-03-10 02:54:21,36.3209,41.8754,50.22,73,91,0.78,overcast clouds
641,Masuri,KR,2021-03-10 03:02:40,35.8488,128.1492,55.4,40,1,8.05,clear sky
642,Hami,CN,2021-03-10 02:55:00,42.8,93.45,51.98,40,33,6.85,scattered clouds
643,Sandnessjoen,NO,2021-03-10 03:02:41,66.0217,12.6316,26.6,63,92,23.02,overcast clouds
644,Camana,PE,2021-03-10 03:02:41,-16.6228,-72.7111,72.03,79,22,5.88,few clouds
645,Marsa Matruh,EG,2021-03-10 02:53:45,31.3525,27.2453,69.8,17,0,19.57,clear sky
646,Quelimane,MZ,2021-03-10 03:02:41,-17.8786,36.8883,80.6,83,0,3.6,clear sky
647,Teeli,RU,2021-03-10 02:54:06,51.0333,90.2333,21.07,84,0,2.24,clear sky
648,North Augusta,US,2021-03-10 03:02:41,33.5018,-81.9651,60.8,27,1,4.61,clear sky
649,Conde,BR,2021-03-10 02:58:35,-7.2597,-34.9075,77.0,94,0,4.61,clear sky
650,Sampit,ID,2021-03-10 02:53:49,-2.5333,112.95,81.66,76,95,1.28,light rain
651,Thohoyandou,ZA,2021-03-10 03:02:42,-22.9456,30.485,68.2,66,0,2.55,clear sky
652,Narimanov,RU,2021-03-10 03:02:42,46.6927,47.8498,23.0,93,75,6.71,broken clouds
653,Pampas,PE,2021-03-10 03:02:42,-12.4,-74.9,49.05,81,100,2.04,overcast clouds
654,Ede,NL,2021-03-10 03:01:40,52.0333,5.6583,36.0,93,90,2.3,mist
655,Monrovia,LR,2021-03-10 03:02:31,6.3005,-10.7969,77.0,94,40,5.66,scattered clouds
656,Bure,ET,2021-03-10 03:02:43,10.7,37.0667,65.39,36,98,3.13,overcast clouds
657,Bayan,CN,2021-03-10 02:54:36,46.0833,127.4,28.58,96,0,6.55,clear sky
658,Pueblo Nuevo,MX,2021-03-10 03:02:43,23.3833,-105.3833,53.17,74,61,4.38,broken clouds
659,Beloha,MG,2021-03-10 03:02:43,-25.1667,45.05,69.66,88,0,6.38,clear sky
660,Arlit,NE,2021-03-10 02:53:28,18.7369,7.3853,76.98,15,0,9.46,clear sky
661,Constitucion,CL,2021-03-10 02:53:48,-35.3333,-72.4167,57.13,73,92,5.28,overcast clouds
662,Eyl,SO,2021-03-10 03:02:44,7.9803,49.8164,75.13,84,41,9.31,scattered clouds
663,Salvador,SV,2021-03-10 03:02:01,13.8333,-88.9167,84.2,42,0,12.66,clear sky
664,Palm Springs,US,2021-03-10 03:02:44,33.8303,-116.5453,62.6,22,1,9.22,clear sky
665,Road Town,VG,2021-03-10 02:49:45,18.4167,-64.6167,78.01,83,0,17.0,clear sky
666,Christchurch,NZ,2021-03-10 02:59:40,-43.5333,172.6333,66.0,94,75,11.5,broken clouds
667,Muisne,EC,2021-03-10 03:02:44,0.6,-80.0333,77.58,85,98,7.09,overcast clouds
668,Pemangkat,ID,2021-03-10 02:53:27,1.1667,108.9667,82.33,71,84,2.86,broken clouds
669,Kirksville,US,2021-03-10 03:02:45,40.1948,-92.5833,64.4,59,1,23.02,clear sky
670,Kitui,KE,2021-03-10 03:02:45,-1.367,38.0106,61.21,100,67,2.57,broken clouds
671,Port Hawkesbury,CA,2021-03-10 03:02:45,45.6169,-61.3485,30.99,93,1,2.3,clear sky
672,Kasongo-Lunda,CD,2021-03-10 03:02:45,-6.4667,16.8167,68.43,92,30,0.54,scattered clouds
673,Baton Rouge,US,2021-03-10 03:00:09,30.4508,-91.1545,62.6,72,1,12.66,clear sky
674,Notre-Dame-Du-Lac,CA,2021-03-10 03:02:46,47.6136,-68.7964,28.4,80,62,5.75,broken clouds
675,Kununurra,AU,2021-03-10 02:53:40,-15.7667,128.7333,89.6,66,42,5.75,scattered clouds
676,Mnogovershinnyy,RU,2021-03-10 03:02:46,53.9353,139.9242,20.73,92,0,4.45,clear sky
677,Boulder City,US,2021-03-10 03:02:46,35.9786,-114.8325,55.4,16,1,16.11,clear sky
678,Qaqortoq,GL,2021-03-10 03:02:47,60.7167,-46.0333,23.0,50,75,6.91,broken clouds
679,Abu Kamal,SY,2021-03-10 03:02:47,34.4506,40.9171,56.84,50,38,3.47,scattered clouds
680,Bismarck,US,2021-03-10 03:00:05,46.8083,-100.7837,42.8,61,90,12.66,overcast clouds
681,Kailua,US,2021-03-10 02:53:07,21.4022,-157.7394,75.2,78,75,10.36,moderate rain
682,Kitami,JP,2021-03-10 03:02:47,43.8031,143.8908,35.6,69,75,4.61,broken clouds
683,Bowen,AU,2021-03-10 03:02:47,-20.0167,148.2333,84.2,65,0,11.5,clear sky
684,Manturovo,RU,2021-03-10 03:02:48,58.3353,44.7619,-19.23,87,19,6.2,few clouds
685,Gornopravdinsk,RU,2021-03-10 03:02:48,60.05,69.9,-11.52,89,37,3.69,scattered clouds
686,Conceicao Do Araguaia,BR,2021-03-10 03:02:48,-8.2578,-49.2647,74.08,91,14,1.36,few clouds
687,Gannan,CN,2021-03-10 03:02:49,47.9147,123.5031,38.21,51,100,15.64,overcast clouds
688,Tafresh,IR,2021-03-10 03:02:49,34.692,50.013,36.9,76,19,9.44,few clouds
689,Xining,CN,2021-03-10 03:02:49,36.6167,101.7667,42.46,58,100,3.06,overcast clouds
690,Pedro Ii,BR,2021-03-10 03:02:49,-4.4247,-41.4586,68.2,100,99,1.23,overcast clouds
691,Socorro,US,2021-03-10 02:57:56,31.6546,-106.3033,69.8,22,75,12.66,broken clouds
692,Saint-Pierre,RE,2021-03-10 03:02:50,-21.3393,55.4781,75.2,78,90,6.91,light rain
693,Laguna De Perlas,NI,2021-03-10 03:02:50,12.3429,-83.6712,77.65,82,80,12.77,broken clouds
